#category	term ID	term description	observed gene count	background gene count	strength	signal	false discovery rate	matching proteins in your network (IDs)	matching proteins in your network (labels)
GO Process	GO:0008152	Metabolic process	60	6817	0.33	0.63	4.83e-06	37653.A0A0L8FF94,37653.A0A0L8FGD1,37653.A0A0L8FLE0,37653.A0A0L8FLH8,37653.A0A0L8FML9,37653.A0A0L8FNX8,37653.A0A0L8FP27,37653.A0A0L8FPA5,37653.A0A0L8FPI9,37653.A0A0L8FPN4,37653.A0A0L8FPZ6,37653.A0A0L8FQ87,37653.A0A0L8FQJ9,37653.A0A0L8FVL2,37653.A0A0L8FWE5,37653.A0A0L8FWP5,37653.A0A0L8G175,37653.A0A0L8G2A7,37653.A0A0L8G5A3,37653.A0A0L8G667,37653.A0A0L8G9D9,37653.A0A0L8G9L0,37653.A0A0L8GA32,37653.A0A0L8GAQ9,37653.A0A0L8GC37,37653.A0A0L8GCJ9,37653.A0A0L8GDI1,37653.A0A0L8GDI6,37653.A0A0L8GDT2,37653.A0A0L8GE16,37653.A0A0L8GES0,37653.A0A0L8GFB0,37653.A0A0L8GFS8,37653.A0A0L8GJ68,37653.A0A0L8GKE1,37653.A0A0L8GKJ9,37653.A0A0L8GL19,37653.A0A0L8GPJ8,37653.A0A0L8GSV5,37653.A0A0L8GVZ4,37653.A0A0L8GWM6,37653.A0A0L8H478,37653.A0A0L8H5R3,37653.A0A0L8H5X8,37653.A0A0L8H948,37653.A0A0L8HC44,37653.A0A0L8HF67,37653.A0A0L8HG52,37653.A0A0L8HG55,37653.A0A0L8HGM7,37653.A0A0L8HKG8,37653.A0A0L8HM70,37653.A0A0L8HTW3,37653.A0A0L8HZY4,37653.A0A0L8I1R9,37653.A0A0L8I256,37653.A0A0L8I7R7,37653.A0A0L8I7X0,37653.A0A0L8IAB6,37653.A0A0L8IAV0	A0A0L8FF94,A0A0L8FGD1,A0A0L8FLE0,A0A0L8FLH8,A0A0L8FML9,A0A0L8FNX8,A0A0L8FP27,A0A0L8FPA5,A0A0L8FPI9,A0A0L8FPN4,A0A0L8FPZ6,A0A0L8FQ87,A0A0L8FQJ9,A0A0L8FVL2,A0A0L8FWE5,A0A0L8FWP5,A0A0L8G175,A0A0L8G2A7,A0A0L8G5A3,A0A0L8G667,A0A0L8G9D9,A0A0L8G9L0,A0A0L8GA32,A0A0L8GAQ9,A0A0L8GC37,A0A0L8GCJ9,A0A0L8GDI1,A0A0L8GDI6,A0A0L8GDT2,A0A0L8GE16,A0A0L8GES0,A0A0L8GFB0,A0A0L8GFS8,A0A0L8GJ68,LSM4,A0A0L8GKJ9,A0A0L8GL19,A0A0L8GPJ8,A0A0L8GSV5,A0A0L8GVZ4,A0A0L8GWM6,A0A0L8H478,A0A0L8H5R3,A0A0L8H5X8,A0A0L8H948,A0A0L8HC44,A0A0L8HF67,A0A0L8HG52,A0A0L8HG55,A0A0L8HGM7,A0A0L8HKG8,A0A0L8HM70,A0A0L8HTW3,A0A0L8HZY4,A0A0L8I1R9,A0A0L8I256,A0A0L8I7R7,A0A0L8I7X0,A0A0L8IAB6,A0A0L8IAV0
GO Process	GO:0009987	Cellular process	84	12352	0.21	0.51	3.14e-05	37653.A0A0L8FF94,37653.A0A0L8FFX4,37653.A0A0L8FGD1,37653.A0A0L8FHE9,37653.A0A0L8FKJ3,37653.A0A0L8FKJ5,37653.A0A0L8FLE0,37653.A0A0L8FLH8,37653.A0A0L8FML9,37653.A0A0L8FMS3,37653.A0A0L8FNX8,37653.A0A0L8FP27,37653.A0A0L8FPA2,37653.A0A0L8FPA5,37653.A0A0L8FPN4,37653.A0A0L8FPZ6,37653.A0A0L8FQ87,37653.A0A0L8FS54,37653.A0A0L8FV15,37653.A0A0L8FVL2,37653.A0A0L8FWE5,37653.A0A0L8FWP5,37653.A0A0L8FXF3,37653.A0A0L8FYE3,37653.A0A0L8FYU5,37653.A0A0L8G175,37653.A0A0L8G1R3,37653.A0A0L8G1Z1,37653.A0A0L8G2A7,37653.A0A0L8G3F5,37653.A0A0L8G5A3,37653.A0A0L8G667,37653.A0A0L8G9D9,37653.A0A0L8G9L0,37653.A0A0L8GAQ9,37653.A0A0L8GC37,37653.A0A0L8GCJ9,37653.A0A0L8GDI6,37653.A0A0L8GDT2,37653.A0A0L8GE16,37653.A0A0L8GFB0,37653.A0A0L8GFS8,37653.A0A0L8GKE1,37653.A0A0L8GKJ9,37653.A0A0L8GL19,37653.A0A0L8GMI1,37653.A0A0L8GMI2,37653.A0A0L8GPJ8,37653.A0A0L8GQE9,37653.A0A0L8GSV5,37653.A0A0L8GSZ8,37653.A0A0L8GUT7,37653.A0A0L8GVZ4,37653.A0A0L8GW16,37653.A0A0L8GWM6,37653.A0A0L8H0V4,37653.A0A0L8H3X2,37653.A0A0L8H478,37653.A0A0L8H5X8,37653.A0A0L8H7U2,37653.A0A0L8H8T6,37653.A0A0L8H8X2,37653.A0A0L8H948,37653.A0A0L8HC44,37653.A0A0L8HCK0,37653.A0A0L8HE39,37653.A0A0L8HF67,37653.A0A0L8HG49,37653.A0A0L8HG52,37653.A0A0L8HG55,37653.A0A0L8HGA7,37653.A0A0L8HGM7,37653.A0A0L8HIY2,37653.A0A0L8HJP2,37653.A0A0L8HKG8,37653.A0A0L8HTP0,37653.A0A0L8HTW3,37653.A0A0L8HV00,37653.A0A0L8HZY4,37653.A0A0L8I1R9,37653.A0A0L8I7R7,37653.A0A0L8I7X0,37653.A0A0L8IAB6,37653.A0A0L8IAV0	A0A0L8FF94,A0A0L8FFX4,A0A0L8FGD1,A0A0L8FHE9,A0A0L8FKJ3,A0A0L8FKJ5,A0A0L8FLE0,A0A0L8FLH8,A0A0L8FML9,A0A0L8FMS3,A0A0L8FNX8,A0A0L8FP27,A0A0L8FPA2,A0A0L8FPA5,A0A0L8FPN4,A0A0L8FPZ6,A0A0L8FQ87,A0A0L8FS54,A0A0L8FV15,A0A0L8FVL2,A0A0L8FWE5,A0A0L8FWP5,A0A0L8FXF3,A0A0L8FYE3,A0A0L8FYU5,A0A0L8G175,A0A0L8G1R3,A0A0L8G1Z1,A0A0L8G2A7,A0A0L8G3F5,A0A0L8G5A3,A0A0L8G667,A0A0L8G9D9,A0A0L8G9L0,A0A0L8GAQ9,A0A0L8GC37,A0A0L8GCJ9,A0A0L8GDI6,A0A0L8GDT2,A0A0L8GE16,A0A0L8GFB0,A0A0L8GFS8,LSM4,A0A0L8GKJ9,A0A0L8GL19,A0A0L8GMI1,A0A0L8GMI2,A0A0L8GPJ8,A0A0L8GQE9,A0A0L8GSV5,A0A0L8GSZ8,A0A0L8GUT7,A0A0L8GVZ4,A0A0L8GW16,A0A0L8GWM6,A0A0L8H0V4,A0A0L8H3X2,A0A0L8H478,A0A0L8H5X8,A0A0L8H7U2,A0A0L8H8T6,A0A0L8H8X2,A0A0L8H948,A0A0L8HC44,A0A0L8HCK0,A0A0L8HE39,A0A0L8HF67,A0A0L8HG49,A0A0L8HG52,A0A0L8HG55,A0A0L8HGA7,A0A0L8HGM7,A0A0L8HIY2,A0A0L8HJP2,A0A0L8HKG8,A0A0L8HTP0,A0A0L8HTW3,A0A0L8HV00,A0A0L8HZY4,A0A0L8I1R9,A0A0L8I7R7,A0A0L8I7X0,A0A0L8IAB6,A0A0L8IAV0
GO Process	GO:0071704	Organic substance metabolic process	53	6335	0.3	0.53	0.00017	37653.A0A0L8FF94,37653.A0A0L8FGD1,37653.A0A0L8FLE0,37653.A0A0L8FLH8,37653.A0A0L8FML9,37653.A0A0L8FNX8,37653.A0A0L8FP27,37653.A0A0L8FPA5,37653.A0A0L8FPN4,37653.A0A0L8FPZ6,37653.A0A0L8FQ87,37653.A0A0L8FQJ9,37653.A0A0L8FVL2,37653.A0A0L8FWE5,37653.A0A0L8FWP5,37653.A0A0L8G175,37653.A0A0L8G5A3,37653.A0A0L8G667,37653.A0A0L8G9D9,37653.A0A0L8G9L0,37653.A0A0L8GA32,37653.A0A0L8GAQ9,37653.A0A0L8GC37,37653.A0A0L8GDI6,37653.A0A0L8GDT2,37653.A0A0L8GE16,37653.A0A0L8GES0,37653.A0A0L8GFB0,37653.A0A0L8GFS8,37653.A0A0L8GJ68,37653.A0A0L8GKE1,37653.A0A0L8GL19,37653.A0A0L8GPJ8,37653.A0A0L8GSV5,37653.A0A0L8GVZ4,37653.A0A0L8GWM6,37653.A0A0L8H478,37653.A0A0L8H5R3,37653.A0A0L8H5X8,37653.A0A0L8H948,37653.A0A0L8HC44,37653.A0A0L8HG52,37653.A0A0L8HG55,37653.A0A0L8HGM7,37653.A0A0L8HKG8,37653.A0A0L8HM70,37653.A0A0L8HTW3,37653.A0A0L8HZY4,37653.A0A0L8I1R9,37653.A0A0L8I7R7,37653.A0A0L8I7X0,37653.A0A0L8IAB6,37653.A0A0L8IAV0	A0A0L8FF94,A0A0L8FGD1,A0A0L8FLE0,A0A0L8FLH8,A0A0L8FML9,A0A0L8FNX8,A0A0L8FP27,A0A0L8FPA5,A0A0L8FPN4,A0A0L8FPZ6,A0A0L8FQ87,A0A0L8FQJ9,A0A0L8FVL2,A0A0L8FWE5,A0A0L8FWP5,A0A0L8G175,A0A0L8G5A3,A0A0L8G667,A0A0L8G9D9,A0A0L8G9L0,A0A0L8GA32,A0A0L8GAQ9,A0A0L8GC37,A0A0L8GDI6,A0A0L8GDT2,A0A0L8GE16,A0A0L8GES0,A0A0L8GFB0,A0A0L8GFS8,A0A0L8GJ68,LSM4,A0A0L8GL19,A0A0L8GPJ8,A0A0L8GSV5,A0A0L8GVZ4,A0A0L8GWM6,A0A0L8H478,A0A0L8H5R3,A0A0L8H5X8,A0A0L8H948,A0A0L8HC44,A0A0L8HG52,A0A0L8HG55,A0A0L8HGM7,A0A0L8HKG8,A0A0L8HM70,A0A0L8HTW3,A0A0L8HZY4,A0A0L8I1R9,A0A0L8I7R7,A0A0L8I7X0,A0A0L8IAB6,A0A0L8IAV0
GO Process	GO:0044238	Primary metabolic process	50	5942	0.31	0.51	0.00031	37653.A0A0L8FF94,37653.A0A0L8FGD1,37653.A0A0L8FLE0,37653.A0A0L8FLH8,37653.A0A0L8FML9,37653.A0A0L8FNX8,37653.A0A0L8FP27,37653.A0A0L8FPA5,37653.A0A0L8FPN4,37653.A0A0L8FQ87,37653.A0A0L8FQJ9,37653.A0A0L8FVL2,37653.A0A0L8FWE5,37653.A0A0L8FWP5,37653.A0A0L8G175,37653.A0A0L8G5A3,37653.A0A0L8G667,37653.A0A0L8G9D9,37653.A0A0L8G9L0,37653.A0A0L8GA32,37653.A0A0L8GAQ9,37653.A0A0L8GC37,37653.A0A0L8GDI6,37653.A0A0L8GDT2,37653.A0A0L8GE16,37653.A0A0L8GES0,37653.A0A0L8GFS8,37653.A0A0L8GJ68,37653.A0A0L8GKE1,37653.A0A0L8GL19,37653.A0A0L8GPJ8,37653.A0A0L8GSV5,37653.A0A0L8GVZ4,37653.A0A0L8GWM6,37653.A0A0L8H478,37653.A0A0L8H5R3,37653.A0A0L8H5X8,37653.A0A0L8H948,37653.A0A0L8HC44,37653.A0A0L8HG52,37653.A0A0L8HG55,37653.A0A0L8HGM7,37653.A0A0L8HKG8,37653.A0A0L8HM70,37653.A0A0L8HTW3,37653.A0A0L8HZY4,37653.A0A0L8I1R9,37653.A0A0L8I7X0,37653.A0A0L8IAB6,37653.A0A0L8IAV0	A0A0L8FF94,A0A0L8FGD1,A0A0L8FLE0,A0A0L8FLH8,A0A0L8FML9,A0A0L8FNX8,A0A0L8FP27,A0A0L8FPA5,A0A0L8FPN4,A0A0L8FQ87,A0A0L8FQJ9,A0A0L8FVL2,A0A0L8FWE5,A0A0L8FWP5,A0A0L8G175,A0A0L8G5A3,A0A0L8G667,A0A0L8G9D9,A0A0L8G9L0,A0A0L8GA32,A0A0L8GAQ9,A0A0L8GC37,A0A0L8GDI6,A0A0L8GDT2,A0A0L8GE16,A0A0L8GES0,A0A0L8GFS8,A0A0L8GJ68,LSM4,A0A0L8GL19,A0A0L8GPJ8,A0A0L8GSV5,A0A0L8GVZ4,A0A0L8GWM6,A0A0L8H478,A0A0L8H5R3,A0A0L8H5X8,A0A0L8H948,A0A0L8HC44,A0A0L8HG52,A0A0L8HG55,A0A0L8HGM7,A0A0L8HKG8,A0A0L8HM70,A0A0L8HTW3,A0A0L8HZY4,A0A0L8I1R9,A0A0L8I7X0,A0A0L8IAB6,A0A0L8IAV0
GO Process	GO:0044237	Cellular metabolic process	45	5296	0.31	0.47	0.0010	37653.A0A0L8FF94,37653.A0A0L8FGD1,37653.A0A0L8FLE0,37653.A0A0L8FLH8,37653.A0A0L8FML9,37653.A0A0L8FNX8,37653.A0A0L8FPA5,37653.A0A0L8FPZ6,37653.A0A0L8FQ87,37653.A0A0L8FVL2,37653.A0A0L8FWE5,37653.A0A0L8FWP5,37653.A0A0L8G175,37653.A0A0L8G2A7,37653.A0A0L8G5A3,37653.A0A0L8G667,37653.A0A0L8G9D9,37653.A0A0L8GAQ9,37653.A0A0L8GC37,37653.A0A0L8GCJ9,37653.A0A0L8GDI6,37653.A0A0L8GDT2,37653.A0A0L8GFB0,37653.A0A0L8GFS8,37653.A0A0L8GKE1,37653.A0A0L8GL19,37653.A0A0L8GPJ8,37653.A0A0L8GSV5,37653.A0A0L8GVZ4,37653.A0A0L8GWM6,37653.A0A0L8H478,37653.A0A0L8H5X8,37653.A0A0L8H948,37653.A0A0L8HC44,37653.A0A0L8HF67,37653.A0A0L8HG52,37653.A0A0L8HG55,37653.A0A0L8HGM7,37653.A0A0L8HKG8,37653.A0A0L8HTW3,37653.A0A0L8HZY4,37653.A0A0L8I1R9,37653.A0A0L8I7R7,37653.A0A0L8IAB6,37653.A0A0L8IAV0	A0A0L8FF94,A0A0L8FGD1,A0A0L8FLE0,A0A0L8FLH8,A0A0L8FML9,A0A0L8FNX8,A0A0L8FPA5,A0A0L8FPZ6,A0A0L8FQ87,A0A0L8FVL2,A0A0L8FWE5,A0A0L8FWP5,A0A0L8G175,A0A0L8G2A7,A0A0L8G5A3,A0A0L8G667,A0A0L8G9D9,A0A0L8GAQ9,A0A0L8GC37,A0A0L8GCJ9,A0A0L8GDI6,A0A0L8GDT2,A0A0L8GFB0,A0A0L8GFS8,LSM4,A0A0L8GL19,A0A0L8GPJ8,A0A0L8GSV5,A0A0L8GVZ4,A0A0L8GWM6,A0A0L8H478,A0A0L8H5X8,A0A0L8H948,A0A0L8HC44,A0A0L8HF67,A0A0L8HG52,A0A0L8HG55,A0A0L8HGM7,A0A0L8HKG8,A0A0L8HTW3,A0A0L8HZY4,A0A0L8I1R9,A0A0L8I7R7,A0A0L8IAB6,A0A0L8IAV0
GO Process	GO:1901360	Organic cyclic compound metabolic process	28	2524	0.43	0.51	0.0014	37653.A0A0L8FF94,37653.A0A0L8FLE0,37653.A0A0L8FLH8,37653.A0A0L8FNX8,37653.A0A0L8FPZ6,37653.A0A0L8FQ87,37653.A0A0L8FVL2,37653.A0A0L8FWE5,37653.A0A0L8G5A3,37653.A0A0L8G667,37653.A0A0L8G9D9,37653.A0A0L8GDI6,37653.A0A0L8GFS8,37653.A0A0L8GJ68,37653.A0A0L8GKE1,37653.A0A0L8GL19,37653.A0A0L8GPJ8,37653.A0A0L8GVZ4,37653.A0A0L8GWM6,37653.A0A0L8H478,37653.A0A0L8H5X8,37653.A0A0L8HC44,37653.A0A0L8HG52,37653.A0A0L8HGM7,37653.A0A0L8HZY4,37653.A0A0L8I1R9,37653.A0A0L8I7R7,37653.A0A0L8IAB6	A0A0L8FF94,A0A0L8FLE0,A0A0L8FLH8,A0A0L8FNX8,A0A0L8FPZ6,A0A0L8FQ87,A0A0L8FVL2,A0A0L8FWE5,A0A0L8G5A3,A0A0L8G667,A0A0L8G9D9,A0A0L8GDI6,A0A0L8GFS8,A0A0L8GJ68,LSM4,A0A0L8GL19,A0A0L8GPJ8,A0A0L8GVZ4,A0A0L8GWM6,A0A0L8H478,A0A0L8H5X8,A0A0L8HC44,A0A0L8HG52,A0A0L8HGM7,A0A0L8HZY4,A0A0L8I1R9,A0A0L8I7R7,A0A0L8IAB6
GO Process	GO:0006725	Cellular aromatic compound metabolic process	27	2450	0.42	0.49	0.0020	37653.A0A0L8FF94,37653.A0A0L8FLE0,37653.A0A0L8FLH8,37653.A0A0L8FNX8,37653.A0A0L8FPZ6,37653.A0A0L8FQ87,37653.A0A0L8FVL2,37653.A0A0L8FWE5,37653.A0A0L8G5A3,37653.A0A0L8G667,37653.A0A0L8G9D9,37653.A0A0L8GDI6,37653.A0A0L8GFS8,37653.A0A0L8GKE1,37653.A0A0L8GL19,37653.A0A0L8GPJ8,37653.A0A0L8GVZ4,37653.A0A0L8GWM6,37653.A0A0L8H478,37653.A0A0L8H5X8,37653.A0A0L8HC44,37653.A0A0L8HG52,37653.A0A0L8HGM7,37653.A0A0L8HZY4,37653.A0A0L8I1R9,37653.A0A0L8I7R7,37653.A0A0L8IAB6	A0A0L8FF94,A0A0L8FLE0,A0A0L8FLH8,A0A0L8FNX8,A0A0L8FPZ6,A0A0L8FQ87,A0A0L8FVL2,A0A0L8FWE5,A0A0L8G5A3,A0A0L8G667,A0A0L8G9D9,A0A0L8GDI6,A0A0L8GFS8,LSM4,A0A0L8GL19,A0A0L8GPJ8,A0A0L8GVZ4,A0A0L8GWM6,A0A0L8H478,A0A0L8H5X8,A0A0L8HC44,A0A0L8HG52,A0A0L8HGM7,A0A0L8HZY4,A0A0L8I1R9,A0A0L8I7R7,A0A0L8IAB6
GO Process	GO:0006807	Nitrogen compound metabolic process	45	5491	0.3	0.44	0.0020	37653.A0A0L8FF94,37653.A0A0L8FLE0,37653.A0A0L8FLH8,37653.A0A0L8FNX8,37653.A0A0L8FP27,37653.A0A0L8FPA5,37653.A0A0L8FPN4,37653.A0A0L8FQ87,37653.A0A0L8FQJ9,37653.A0A0L8FVL2,37653.A0A0L8FWE5,37653.A0A0L8FWP5,37653.A0A0L8G175,37653.A0A0L8G5A3,37653.A0A0L8G667,37653.A0A0L8G9D9,37653.A0A0L8G9L0,37653.A0A0L8GAQ9,37653.A0A0L8GC37,37653.A0A0L8GDI6,37653.A0A0L8GDT2,37653.A0A0L8GE16,37653.A0A0L8GFB0,37653.A0A0L8GFS8,37653.A0A0L8GKE1,37653.A0A0L8GL19,37653.A0A0L8GPJ8,37653.A0A0L8GSV5,37653.A0A0L8GVZ4,37653.A0A0L8GWM6,37653.A0A0L8H478,37653.A0A0L8H5R3,37653.A0A0L8H5X8,37653.A0A0L8H948,37653.A0A0L8HC44,37653.A0A0L8HG52,37653.A0A0L8HG55,37653.A0A0L8HGM7,37653.A0A0L8HKG8,37653.A0A0L8HM70,37653.A0A0L8HTW3,37653.A0A0L8HZY4,37653.A0A0L8I1R9,37653.A0A0L8I7R7,37653.A0A0L8IAB6	A0A0L8FF94,A0A0L8FLE0,A0A0L8FLH8,A0A0L8FNX8,A0A0L8FP27,A0A0L8FPA5,A0A0L8FPN4,A0A0L8FQ87,A0A0L8FQJ9,A0A0L8FVL2,A0A0L8FWE5,A0A0L8FWP5,A0A0L8G175,A0A0L8G5A3,A0A0L8G667,A0A0L8G9D9,A0A0L8G9L0,A0A0L8GAQ9,A0A0L8GC37,A0A0L8GDI6,A0A0L8GDT2,A0A0L8GE16,A0A0L8GFB0,A0A0L8GFS8,LSM4,A0A0L8GL19,A0A0L8GPJ8,A0A0L8GSV5,A0A0L8GVZ4,A0A0L8GWM6,A0A0L8H478,A0A0L8H5R3,A0A0L8H5X8,A0A0L8H948,A0A0L8HC44,A0A0L8HG52,A0A0L8HG55,A0A0L8HGM7,A0A0L8HKG8,A0A0L8HM70,A0A0L8HTW3,A0A0L8HZY4,A0A0L8I1R9,A0A0L8I7R7,A0A0L8IAB6
GO Process	GO:0034641	Cellular nitrogen compound metabolic process	29	2924	0.38	0.43	0.0053	37653.A0A0L8FF94,37653.A0A0L8FLE0,37653.A0A0L8FLH8,37653.A0A0L8FNX8,37653.A0A0L8FPA5,37653.A0A0L8FQ87,37653.A0A0L8FVL2,37653.A0A0L8FWE5,37653.A0A0L8G5A3,37653.A0A0L8G667,37653.A0A0L8G9D9,37653.A0A0L8GC37,37653.A0A0L8GDI6,37653.A0A0L8GDT2,37653.A0A0L8GFB0,37653.A0A0L8GFS8,37653.A0A0L8GKE1,37653.A0A0L8GL19,37653.A0A0L8GPJ8,37653.A0A0L8GVZ4,37653.A0A0L8GWM6,37653.A0A0L8H5X8,37653.A0A0L8HC44,37653.A0A0L8HG52,37653.A0A0L8HGM7,37653.A0A0L8HTW3,37653.A0A0L8I1R9,37653.A0A0L8I7R7,37653.A0A0L8IAB6	A0A0L8FF94,A0A0L8FLE0,A0A0L8FLH8,A0A0L8FNX8,A0A0L8FPA5,A0A0L8FQ87,A0A0L8FVL2,A0A0L8FWE5,A0A0L8G5A3,A0A0L8G667,A0A0L8G9D9,A0A0L8GC37,A0A0L8GDI6,A0A0L8GDT2,A0A0L8GFB0,A0A0L8GFS8,LSM4,A0A0L8GL19,A0A0L8GPJ8,A0A0L8GVZ4,A0A0L8GWM6,A0A0L8H5X8,A0A0L8HC44,A0A0L8HG52,A0A0L8HGM7,A0A0L8HTW3,A0A0L8I1R9,A0A0L8I7R7,A0A0L8IAB6
GO Process	GO:0016071	mRNA metabolic process	10	413	0.77	0.53	0.0059	37653.A0A0L8FQ87,37653.A0A0L8FVL2,37653.A0A0L8G5A3,37653.A0A0L8G667,37653.A0A0L8GKE1,37653.A0A0L8GL19,37653.A0A0L8HC44,37653.A0A0L8HG52,37653.A0A0L8HGM7,37653.A0A0L8I1R9	A0A0L8FQ87,A0A0L8FVL2,A0A0L8G5A3,A0A0L8G667,LSM4,A0A0L8GL19,A0A0L8HC44,A0A0L8HG52,A0A0L8HGM7,A0A0L8I1R9
GO Process	GO:0010467	Gene expression	18	1349	0.51	0.45	0.0068	37653.A0A0L8FLH8,37653.A0A0L8FPA5,37653.A0A0L8FQ87,37653.A0A0L8FVL2,37653.A0A0L8G5A3,37653.A0A0L8G667,37653.A0A0L8G9D9,37653.A0A0L8GC37,37653.A0A0L8GDT2,37653.A0A0L8GKE1,37653.A0A0L8GL19,37653.A0A0L8GPJ8,37653.A0A0L8H5X8,37653.A0A0L8HC44,37653.A0A0L8HG52,37653.A0A0L8HGM7,37653.A0A0L8HTW3,37653.A0A0L8I1R9	A0A0L8FLH8,A0A0L8FPA5,A0A0L8FQ87,A0A0L8FVL2,A0A0L8G5A3,A0A0L8G667,A0A0L8G9D9,A0A0L8GC37,A0A0L8GDT2,LSM4,A0A0L8GL19,A0A0L8GPJ8,A0A0L8H5X8,A0A0L8HC44,A0A0L8HG52,A0A0L8HGM7,A0A0L8HTW3,A0A0L8I1R9
GO Process	GO:0006396	RNA processing	12	680	0.63	0.43	0.0142	37653.A0A0L8FLH8,37653.A0A0L8FQ87,37653.A0A0L8FVL2,37653.A0A0L8G5A3,37653.A0A0L8G667,37653.A0A0L8GKE1,37653.A0A0L8GL19,37653.A0A0L8GPJ8,37653.A0A0L8HC44,37653.A0A0L8HG52,37653.A0A0L8HGM7,37653.A0A0L8I1R9	A0A0L8FLH8,A0A0L8FQ87,A0A0L8FVL2,A0A0L8G5A3,A0A0L8G667,LSM4,A0A0L8GL19,A0A0L8GPJ8,A0A0L8HC44,A0A0L8HG52,A0A0L8HGM7,A0A0L8I1R9
GO Process	GO:0018958	Phenol-containing compound metabolic process	4	40	1.38	0.51	0.0142	37653.A0A0L8FPZ6,37653.A0A0L8H478,37653.A0A0L8HZY4,37653.A0A0L8I7R7	A0A0L8FPZ6,A0A0L8H478,A0A0L8HZY4,A0A0L8I7R7
GO Process	GO:0006397	mRNA processing	8	317	0.78	0.4	0.0248	37653.A0A0L8FQ87,37653.A0A0L8FVL2,37653.A0A0L8G5A3,37653.A0A0L8G667,37653.A0A0L8GKE1,37653.A0A0L8GL19,37653.A0A0L8HGM7,37653.A0A0L8I1R9	A0A0L8FQ87,A0A0L8FVL2,A0A0L8G5A3,A0A0L8G667,LSM4,A0A0L8GL19,A0A0L8HGM7,A0A0L8I1R9
GO Process	GO:0006139	Nucleobase-containing compound metabolic process	23	2332	0.38	0.31	0.0344	37653.A0A0L8FF94,37653.A0A0L8FLE0,37653.A0A0L8FLH8,37653.A0A0L8FNX8,37653.A0A0L8FQ87,37653.A0A0L8FVL2,37653.A0A0L8FWE5,37653.A0A0L8G5A3,37653.A0A0L8G667,37653.A0A0L8G9D9,37653.A0A0L8GDI6,37653.A0A0L8GFS8,37653.A0A0L8GKE1,37653.A0A0L8GL19,37653.A0A0L8GPJ8,37653.A0A0L8GVZ4,37653.A0A0L8GWM6,37653.A0A0L8H5X8,37653.A0A0L8HC44,37653.A0A0L8HG52,37653.A0A0L8HGM7,37653.A0A0L8I1R9,37653.A0A0L8IAB6	A0A0L8FF94,A0A0L8FLE0,A0A0L8FLH8,A0A0L8FNX8,A0A0L8FQ87,A0A0L8FVL2,A0A0L8FWE5,A0A0L8G5A3,A0A0L8G667,A0A0L8G9D9,A0A0L8GDI6,A0A0L8GFS8,LSM4,A0A0L8GL19,A0A0L8GPJ8,A0A0L8GVZ4,A0A0L8GWM6,A0A0L8H5X8,A0A0L8HC44,A0A0L8HG52,A0A0L8HGM7,A0A0L8I1R9,A0A0L8IAB6
GO Process	GO:0016070	RNA metabolic process	14	1019	0.52	0.34	0.0344	37653.A0A0L8FLH8,37653.A0A0L8FQ87,37653.A0A0L8FVL2,37653.A0A0L8G5A3,37653.A0A0L8G667,37653.A0A0L8G9D9,37653.A0A0L8GKE1,37653.A0A0L8GL19,37653.A0A0L8GPJ8,37653.A0A0L8H5X8,37653.A0A0L8HC44,37653.A0A0L8HG52,37653.A0A0L8HGM7,37653.A0A0L8I1R9	A0A0L8FLH8,A0A0L8FQ87,A0A0L8FVL2,A0A0L8G5A3,A0A0L8G667,A0A0L8G9D9,LSM4,A0A0L8GL19,A0A0L8GPJ8,A0A0L8H5X8,A0A0L8HC44,A0A0L8HG52,A0A0L8HGM7,A0A0L8I1R9
GO Function	GO:0003824	Catalytic activity	49	5829	0.31	0.48	0.00068	37653.A0A0L8FF94,37653.A0A0L8FGD1,37653.A0A0L8FLE0,37653.A0A0L8FML9,37653.A0A0L8FNX8,37653.A0A0L8FP27,37653.A0A0L8FPI9,37653.A0A0L8FPN4,37653.A0A0L8FPZ6,37653.A0A0L8FQJ9,37653.A0A0L8FWE5,37653.A0A0L8FWP5,37653.A0A0L8FXF3,37653.A0A0L8G175,37653.A0A0L8G4L3,37653.A0A0L8G9D9,37653.A0A0L8G9L0,37653.A0A0L8GA32,37653.A0A0L8GAQ9,37653.A0A0L8GC37,37653.A0A0L8GCJ9,37653.A0A0L8GDH0,37653.A0A0L8GDI1,37653.A0A0L8GDI6,37653.A0A0L8GDT2,37653.A0A0L8GES0,37653.A0A0L8GFB0,37653.A0A0L8GFS8,37653.A0A0L8GJ68,37653.A0A0L8GMI2,37653.A0A0L8GSV5,37653.A0A0L8GVZ4,37653.A0A0L8GWM6,37653.A0A0L8H478,37653.A0A0L8H5R3,37653.A0A0L8H5X8,37653.A0A0L8H8T6,37653.A0A0L8H948,37653.A0A0L8HF67,37653.A0A0L8HG52,37653.A0A0L8HG55,37653.A0A0L8HM70,37653.A0A0L8HZY4,37653.A0A0L8I256,37653.A0A0L8I622,37653.A0A0L8I7R7,37653.A0A0L8IAB6,37653.A0A0L8IAV0,37653.A0A0L8II35	A0A0L8FF94,A0A0L8FGD1,A0A0L8FLE0,A0A0L8FML9,A0A0L8FNX8,A0A0L8FP27,A0A0L8FPI9,A0A0L8FPN4,A0A0L8FPZ6,A0A0L8FQJ9,A0A0L8FWE5,A0A0L8FWP5,A0A0L8FXF3,A0A0L8G175,A0A0L8G4L3,A0A0L8G9D9,A0A0L8G9L0,A0A0L8GA32,A0A0L8GAQ9,A0A0L8GC37,A0A0L8GCJ9,A0A0L8GDH0,A0A0L8GDI1,A0A0L8GDI6,A0A0L8GDT2,A0A0L8GES0,A0A0L8GFB0,A0A0L8GFS8,A0A0L8GJ68,A0A0L8GMI2,A0A0L8GSV5,A0A0L8GVZ4,A0A0L8GWM6,A0A0L8H478,A0A0L8H5R3,A0A0L8H5X8,A0A0L8H8T6,A0A0L8H948,A0A0L8HF67,A0A0L8HG52,A0A0L8HG55,A0A0L8HM70,A0A0L8HZY4,A0A0L8I256,A0A0L8I622,A0A0L8I7R7,A0A0L8IAB6,A0A0L8IAV0,A0A0L8II35
GO Component	GO:0110165	Cellular anatomical entity	108	16808	0.19	0.59	1.18e-08	37653.A0A0L8FF94,37653.A0A0L8FFX4,37653.A0A0L8FGD1,37653.A0A0L8FGJ1,37653.A0A0L8FHE9,37653.A0A0L8FKJ3,37653.A0A0L8FKJ5,37653.A0A0L8FLE0,37653.A0A0L8FLH8,37653.A0A0L8FML9,37653.A0A0L8FMS3,37653.A0A0L8FNX8,37653.A0A0L8FP27,37653.A0A0L8FPA2,37653.A0A0L8FPA5,37653.A0A0L8FPI9,37653.A0A0L8FPN4,37653.A0A0L8FPZ6,37653.A0A0L8FQ87,37653.A0A0L8FQJ9,37653.A0A0L8FQT0,37653.A0A0L8FRX5,37653.A0A0L8FS54,37653.A0A0L8FV15,37653.A0A0L8FVL2,37653.A0A0L8FWE5,37653.A0A0L8FWP5,37653.A0A0L8FXF3,37653.A0A0L8FXU2,37653.A0A0L8FYE3,37653.A0A0L8FYU5,37653.A0A0L8G175,37653.A0A0L8G1R3,37653.A0A0L8G1Z1,37653.A0A0L8G2A7,37653.A0A0L8G3F5,37653.A0A0L8G4L3,37653.A0A0L8G5A3,37653.A0A0L8G667,37653.A0A0L8G9D9,37653.A0A0L8G9L0,37653.A0A0L8GA32,37653.A0A0L8GAQ9,37653.A0A0L8GBC1,37653.A0A0L8GC37,37653.A0A0L8GCJ9,37653.A0A0L8GDH0,37653.A0A0L8GDI1,37653.A0A0L8GDI6,37653.A0A0L8GDT2,37653.A0A0L8GE16,37653.A0A0L8GES0,37653.A0A0L8GFB0,37653.A0A0L8GFS8,37653.A0A0L8GJ68,37653.A0A0L8GKE1,37653.A0A0L8GKJ9,37653.A0A0L8GKZ6,37653.A0A0L8GL19,37653.A0A0L8GLX2,37653.A0A0L8GMI1,37653.A0A0L8GMI2,37653.A0A0L8GPJ8,37653.A0A0L8GQE9,37653.A0A0L8GQN7,37653.A0A0L8GSV5,37653.A0A0L8GSZ8,37653.A0A0L8GTA1,37653.A0A0L8GUT7,37653.A0A0L8GVL4,37653.A0A0L8GVZ4,37653.A0A0L8GW16,37653.A0A0L8GWM6,37653.A0A0L8H0V4,37653.A0A0L8H3X2,37653.A0A0L8H478,37653.A0A0L8H5R3,37653.A0A0L8H5X8,37653.A0A0L8H7U2,37653.A0A0L8H8T6,37653.A0A0L8H8X2,37653.A0A0L8H948,37653.A0A0L8HC44,37653.A0A0L8HCK0,37653.A0A0L8HE39,37653.A0A0L8HF67,37653.A0A0L8HG49,37653.A0A0L8HG52,37653.A0A0L8HG55,37653.A0A0L8HGA7,37653.A0A0L8HGM7,37653.A0A0L8HIY2,37653.A0A0L8HJP2,37653.A0A0L8HKG8,37653.A0A0L8HM70,37653.A0A0L8HTP0,37653.A0A0L8HTW3,37653.A0A0L8HZY4,37653.A0A0L8I0E5,37653.A0A0L8I1R9,37653.A0A0L8I256,37653.A0A0L8I622,37653.A0A0L8I7R7,37653.A0A0L8I7X0,37653.A0A0L8IAB6,37653.A0A0L8IAV0,37653.A0A0L8IDK6,37653.A0A0L8II35	A0A0L8FF94,A0A0L8FFX4,A0A0L8FGD1,A0A0L8FGJ1,A0A0L8FHE9,A0A0L8FKJ3,A0A0L8FKJ5,A0A0L8FLE0,A0A0L8FLH8,A0A0L8FML9,A0A0L8FMS3,A0A0L8FNX8,A0A0L8FP27,A0A0L8FPA2,A0A0L8FPA5,A0A0L8FPI9,A0A0L8FPN4,A0A0L8FPZ6,A0A0L8FQ87,A0A0L8FQJ9,A0A0L8FQT0,A0A0L8FRX5,A0A0L8FS54,A0A0L8FV15,A0A0L8FVL2,A0A0L8FWE5,A0A0L8FWP5,A0A0L8FXF3,A0A0L8FXU2,A0A0L8FYE3,A0A0L8FYU5,A0A0L8G175,A0A0L8G1R3,A0A0L8G1Z1,A0A0L8G2A7,A0A0L8G3F5,A0A0L8G4L3,A0A0L8G5A3,A0A0L8G667,A0A0L8G9D9,A0A0L8G9L0,A0A0L8GA32,A0A0L8GAQ9,A0A0L8GBC1,A0A0L8GC37,A0A0L8GCJ9,A0A0L8GDH0,A0A0L8GDI1,A0A0L8GDI6,A0A0L8GDT2,A0A0L8GE16,A0A0L8GES0,A0A0L8GFB0,A0A0L8GFS8,A0A0L8GJ68,LSM4,A0A0L8GKJ9,A0A0L8GKZ6,A0A0L8GL19,A0A0L8GLX2,A0A0L8GMI1,A0A0L8GMI2,A0A0L8GPJ8,A0A0L8GQE9,A0A0L8GQN7,A0A0L8GSV5,A0A0L8GSZ8,A0A0L8GTA1,A0A0L8GUT7,A0A0L8GVL4,A0A0L8GVZ4,A0A0L8GW16,A0A0L8GWM6,A0A0L8H0V4,A0A0L8H3X2,A0A0L8H478,A0A0L8H5R3,A0A0L8H5X8,A0A0L8H7U2,A0A0L8H8T6,A0A0L8H8X2,A0A0L8H948,A0A0L8HC44,A0A0L8HCK0,A0A0L8HE39,A0A0L8HF67,A0A0L8HG49,A0A0L8HG52,A0A0L8HG55,A0A0L8HGA7,A0A0L8HGM7,A0A0L8HIY2,A0A0L8HJP2,A0A0L8HKG8,A0A0L8HM70,A0A0L8HTP0,A0A0L8HTW3,A0A0L8HZY4,A0A0L8I0E5,A0A0L8I1R9,A0A0L8I256,A0A0L8I622,A0A0L8I7R7,A0A0L8I7X0,A0A0L8IAB6,A0A0L8IAV0,A0A0L8IDK6,A0A0L8II35
GO Component	GO:0005622	Intracellular anatomical structure	79	11768	0.21	0.49	6.41e-05	37653.A0A0L8FF94,37653.A0A0L8FFX4,37653.A0A0L8FGD1,37653.A0A0L8FGJ1,37653.A0A0L8FHE9,37653.A0A0L8FKJ3,37653.A0A0L8FLE0,37653.A0A0L8FLH8,37653.A0A0L8FML9,37653.A0A0L8FNX8,37653.A0A0L8FPA2,37653.A0A0L8FPA5,37653.A0A0L8FPZ6,37653.A0A0L8FQ87,37653.A0A0L8FQT0,37653.A0A0L8FS54,37653.A0A0L8FV15,37653.A0A0L8FVL2,37653.A0A0L8FWE5,37653.A0A0L8FWP5,37653.A0A0L8FXF3,37653.A0A0L8FXU2,37653.A0A0L8FYU5,37653.A0A0L8G175,37653.A0A0L8G1R3,37653.A0A0L8G1Z1,37653.A0A0L8G2A7,37653.A0A0L8G3F5,37653.A0A0L8G5A3,37653.A0A0L8G667,37653.A0A0L8G9D9,37653.A0A0L8GA32,37653.A0A0L8GAQ9,37653.A0A0L8GBC1,37653.A0A0L8GC37,37653.A0A0L8GCJ9,37653.A0A0L8GDI1,37653.A0A0L8GDI6,37653.A0A0L8GDT2,37653.A0A0L8GE16,37653.A0A0L8GES0,37653.A0A0L8GFB0,37653.A0A0L8GFS8,37653.A0A0L8GKE1,37653.A0A0L8GKJ9,37653.A0A0L8GL19,37653.A0A0L8GMI1,37653.A0A0L8GMI2,37653.A0A0L8GPJ8,37653.A0A0L8GQE9,37653.A0A0L8GQN7,37653.A0A0L8GSV5,37653.A0A0L8GTA1,37653.A0A0L8GVL4,37653.A0A0L8GVZ4,37653.A0A0L8GW16,37653.A0A0L8GWM6,37653.A0A0L8H0V4,37653.A0A0L8H3X2,37653.A0A0L8H5X8,37653.A0A0L8H8T6,37653.A0A0L8H948,37653.A0A0L8HC44,37653.A0A0L8HCK0,37653.A0A0L8HF67,37653.A0A0L8HG49,37653.A0A0L8HG52,37653.A0A0L8HG55,37653.A0A0L8HGM7,37653.A0A0L8HIY2,37653.A0A0L8HJP2,37653.A0A0L8HKG8,37653.A0A0L8HTP0,37653.A0A0L8HTW3,37653.A0A0L8HZY4,37653.A0A0L8I1R9,37653.A0A0L8I7R7,37653.A0A0L8IAB6,37653.A0A0L8IDK6	A0A0L8FF94,A0A0L8FFX4,A0A0L8FGD1,A0A0L8FGJ1,A0A0L8FHE9,A0A0L8FKJ3,A0A0L8FLE0,A0A0L8FLH8,A0A0L8FML9,A0A0L8FNX8,A0A0L8FPA2,A0A0L8FPA5,A0A0L8FPZ6,A0A0L8FQ87,A0A0L8FQT0,A0A0L8FS54,A0A0L8FV15,A0A0L8FVL2,A0A0L8FWE5,A0A0L8FWP5,A0A0L8FXF3,A0A0L8FXU2,A0A0L8FYU5,A0A0L8G175,A0A0L8G1R3,A0A0L8G1Z1,A0A0L8G2A7,A0A0L8G3F5,A0A0L8G5A3,A0A0L8G667,A0A0L8G9D9,A0A0L8GA32,A0A0L8GAQ9,A0A0L8GBC1,A0A0L8GC37,A0A0L8GCJ9,A0A0L8GDI1,A0A0L8GDI6,A0A0L8GDT2,A0A0L8GE16,A0A0L8GES0,A0A0L8GFB0,A0A0L8GFS8,LSM4,A0A0L8GKJ9,A0A0L8GL19,A0A0L8GMI1,A0A0L8GMI2,A0A0L8GPJ8,A0A0L8GQE9,A0A0L8GQN7,A0A0L8GSV5,A0A0L8GTA1,A0A0L8GVL4,A0A0L8GVZ4,A0A0L8GW16,A0A0L8GWM6,A0A0L8H0V4,A0A0L8H3X2,A0A0L8H5X8,A0A0L8H8T6,A0A0L8H948,A0A0L8HC44,A0A0L8HCK0,A0A0L8HF67,A0A0L8HG49,A0A0L8HG52,A0A0L8HG55,A0A0L8HGM7,A0A0L8HIY2,A0A0L8HJP2,A0A0L8HKG8,A0A0L8HTP0,A0A0L8HTW3,A0A0L8HZY4,A0A0L8I1R9,A0A0L8I7R7,A0A0L8IAB6,A0A0L8IDK6
GO Component	GO:0032991	Protein-containing complex	34	3366	0.39	0.57	0.00022	37653.A0A0L8FF94,37653.A0A0L8FHE9,37653.A0A0L8FLH8,37653.A0A0L8FPA5,37653.A0A0L8FQ87,37653.A0A0L8FS54,37653.A0A0L8FV15,37653.A0A0L8FVL2,37653.A0A0L8FWE5,37653.A0A0L8FWP5,37653.A0A0L8FXF3,37653.A0A0L8FYU5,37653.A0A0L8G5A3,37653.A0A0L8G667,37653.A0A0L8G9D9,37653.A0A0L8GE16,37653.A0A0L8GKE1,37653.A0A0L8GKZ6,37653.A0A0L8GL19,37653.A0A0L8GMI1,37653.A0A0L8GPJ8,37653.A0A0L8GQE9,37653.A0A0L8GVL4,37653.A0A0L8GW16,37653.A0A0L8H5X8,37653.A0A0L8HC44,37653.A0A0L8HG49,37653.A0A0L8HG52,37653.A0A0L8HGA7,37653.A0A0L8HGM7,37653.A0A0L8HJP2,37653.A0A0L8HKG8,37653.A0A0L8HV00,37653.A0A0L8I1R9	A0A0L8FF94,A0A0L8FHE9,A0A0L8FLH8,A0A0L8FPA5,A0A0L8FQ87,A0A0L8FS54,A0A0L8FV15,A0A0L8FVL2,A0A0L8FWE5,A0A0L8FWP5,A0A0L8FXF3,A0A0L8FYU5,A0A0L8G5A3,A0A0L8G667,A0A0L8G9D9,A0A0L8GE16,LSM4,A0A0L8GKZ6,A0A0L8GL19,A0A0L8GMI1,A0A0L8GPJ8,A0A0L8GQE9,A0A0L8GVL4,A0A0L8GW16,A0A0L8H5X8,A0A0L8HC44,A0A0L8HG49,A0A0L8HG52,A0A0L8HGA7,A0A0L8HGM7,A0A0L8HJP2,A0A0L8HKG8,A0A0L8HV00,A0A0L8I1R9
GO Component	GO:0043227	Membrane-bounded organelle	65	9116	0.24	0.48	0.00022	37653.A0A0L8FF94,37653.A0A0L8FGD1,37653.A0A0L8FGJ1,37653.A0A0L8FHE9,37653.A0A0L8FLH8,37653.A0A0L8FML9,37653.A0A0L8FNX8,37653.A0A0L8FPA2,37653.A0A0L8FPZ6,37653.A0A0L8FQ87,37653.A0A0L8FQT0,37653.A0A0L8FS54,37653.A0A0L8FV15,37653.A0A0L8FVL2,37653.A0A0L8FWE5,37653.A0A0L8FWP5,37653.A0A0L8FXU2,37653.A0A0L8FYU5,37653.A0A0L8G175,37653.A0A0L8G1R3,37653.A0A0L8G1Z1,37653.A0A0L8G2A7,37653.A0A0L8G3F5,37653.A0A0L8G5A3,37653.A0A0L8G667,37653.A0A0L8G9D9,37653.A0A0L8GA32,37653.A0A0L8GAQ9,37653.A0A0L8GC37,37653.A0A0L8GCJ9,37653.A0A0L8GDT2,37653.A0A0L8GE16,37653.A0A0L8GFB0,37653.A0A0L8GFS8,37653.A0A0L8GKE1,37653.A0A0L8GKJ9,37653.A0A0L8GL19,37653.A0A0L8GMI1,37653.A0A0L8GMI2,37653.A0A0L8GPJ8,37653.A0A0L8GQE9,37653.A0A0L8GQN7,37653.A0A0L8GTA1,37653.A0A0L8GVL4,37653.A0A0L8GVZ4,37653.A0A0L8GWM6,37653.A0A0L8H3X2,37653.A0A0L8H5X8,37653.A0A0L8H8T6,37653.A0A0L8H948,37653.A0A0L8HC44,37653.A0A0L8HCK0,37653.A0A0L8HF67,37653.A0A0L8HG49,37653.A0A0L8HG52,37653.A0A0L8HG55,37653.A0A0L8HGA7,37653.A0A0L8HGM7,37653.A0A0L8HJP2,37653.A0A0L8HTP0,37653.A0A0L8HTW3,37653.A0A0L8HZY4,37653.A0A0L8I1R9,37653.A0A0L8I7R7,37653.A0A0L8IAB6	A0A0L8FF94,A0A0L8FGD1,A0A0L8FGJ1,A0A0L8FHE9,A0A0L8FLH8,A0A0L8FML9,A0A0L8FNX8,A0A0L8FPA2,A0A0L8FPZ6,A0A0L8FQ87,A0A0L8FQT0,A0A0L8FS54,A0A0L8FV15,A0A0L8FVL2,A0A0L8FWE5,A0A0L8FWP5,A0A0L8FXU2,A0A0L8FYU5,A0A0L8G175,A0A0L8G1R3,A0A0L8G1Z1,A0A0L8G2A7,A0A0L8G3F5,A0A0L8G5A3,A0A0L8G667,A0A0L8G9D9,A0A0L8GA32,A0A0L8GAQ9,A0A0L8GC37,A0A0L8GCJ9,A0A0L8GDT2,A0A0L8GE16,A0A0L8GFB0,A0A0L8GFS8,LSM4,A0A0L8GKJ9,A0A0L8GL19,A0A0L8GMI1,A0A0L8GMI2,A0A0L8GPJ8,A0A0L8GQE9,A0A0L8GQN7,A0A0L8GTA1,A0A0L8GVL4,A0A0L8GVZ4,A0A0L8GWM6,A0A0L8H3X2,A0A0L8H5X8,A0A0L8H8T6,A0A0L8H948,A0A0L8HC44,A0A0L8HCK0,A0A0L8HF67,A0A0L8HG49,A0A0L8HG52,A0A0L8HG55,A0A0L8HGA7,A0A0L8HGM7,A0A0L8HJP2,A0A0L8HTP0,A0A0L8HTW3,A0A0L8HZY4,A0A0L8I1R9,A0A0L8I7R7,A0A0L8IAB6
GO Component	GO:0043226	Organelle	69	10206	0.21	0.45	0.00034	37653.A0A0L8FF94,37653.A0A0L8FGD1,37653.A0A0L8FGJ1,37653.A0A0L8FHE9,37653.A0A0L8FLH8,37653.A0A0L8FML9,37653.A0A0L8FNX8,37653.A0A0L8FPA2,37653.A0A0L8FPZ6,37653.A0A0L8FQ87,37653.A0A0L8FQT0,37653.A0A0L8FS54,37653.A0A0L8FV15,37653.A0A0L8FVL2,37653.A0A0L8FWE5,37653.A0A0L8FWP5,37653.A0A0L8FXF3,37653.A0A0L8FXU2,37653.A0A0L8FYU5,37653.A0A0L8G175,37653.A0A0L8G1R3,37653.A0A0L8G1Z1,37653.A0A0L8G2A7,37653.A0A0L8G3F5,37653.A0A0L8G5A3,37653.A0A0L8G667,37653.A0A0L8G9D9,37653.A0A0L8GA32,37653.A0A0L8GAQ9,37653.A0A0L8GC37,37653.A0A0L8GCJ9,37653.A0A0L8GDT2,37653.A0A0L8GE16,37653.A0A0L8GES0,37653.A0A0L8GFB0,37653.A0A0L8GFS8,37653.A0A0L8GKE1,37653.A0A0L8GKJ9,37653.A0A0L8GL19,37653.A0A0L8GMI1,37653.A0A0L8GMI2,37653.A0A0L8GPJ8,37653.A0A0L8GQE9,37653.A0A0L8GQN7,37653.A0A0L8GTA1,37653.A0A0L8GVL4,37653.A0A0L8GVZ4,37653.A0A0L8GW16,37653.A0A0L8GWM6,37653.A0A0L8H0V4,37653.A0A0L8H3X2,37653.A0A0L8H5X8,37653.A0A0L8H8T6,37653.A0A0L8H948,37653.A0A0L8HC44,37653.A0A0L8HCK0,37653.A0A0L8HF67,37653.A0A0L8HG49,37653.A0A0L8HG52,37653.A0A0L8HG55,37653.A0A0L8HGA7,37653.A0A0L8HGM7,37653.A0A0L8HJP2,37653.A0A0L8HTP0,37653.A0A0L8HTW3,37653.A0A0L8HZY4,37653.A0A0L8I1R9,37653.A0A0L8I7R7,37653.A0A0L8IAB6	A0A0L8FF94,A0A0L8FGD1,A0A0L8FGJ1,A0A0L8FHE9,A0A0L8FLH8,A0A0L8FML9,A0A0L8FNX8,A0A0L8FPA2,A0A0L8FPZ6,A0A0L8FQ87,A0A0L8FQT0,A0A0L8FS54,A0A0L8FV15,A0A0L8FVL2,A0A0L8FWE5,A0A0L8FWP5,A0A0L8FXF3,A0A0L8FXU2,A0A0L8FYU5,A0A0L8G175,A0A0L8G1R3,A0A0L8G1Z1,A0A0L8G2A7,A0A0L8G3F5,A0A0L8G5A3,A0A0L8G667,A0A0L8G9D9,A0A0L8GA32,A0A0L8GAQ9,A0A0L8GC37,A0A0L8GCJ9,A0A0L8GDT2,A0A0L8GE16,A0A0L8GES0,A0A0L8GFB0,A0A0L8GFS8,LSM4,A0A0L8GKJ9,A0A0L8GL19,A0A0L8GMI1,A0A0L8GMI2,A0A0L8GPJ8,A0A0L8GQE9,A0A0L8GQN7,A0A0L8GTA1,A0A0L8GVL4,A0A0L8GVZ4,A0A0L8GW16,A0A0L8GWM6,A0A0L8H0V4,A0A0L8H3X2,A0A0L8H5X8,A0A0L8H8T6,A0A0L8H948,A0A0L8HC44,A0A0L8HCK0,A0A0L8HF67,A0A0L8HG49,A0A0L8HG52,A0A0L8HG55,A0A0L8HGA7,A0A0L8HGM7,A0A0L8HJP2,A0A0L8HTP0,A0A0L8HTW3,A0A0L8HZY4,A0A0L8I1R9,A0A0L8I7R7,A0A0L8IAB6
GO Component	GO:0043231	Intracellular membrane-bounded organelle	60	8678	0.22	0.42	0.0013	37653.A0A0L8FF94,37653.A0A0L8FGD1,37653.A0A0L8FGJ1,37653.A0A0L8FHE9,37653.A0A0L8FLH8,37653.A0A0L8FNX8,37653.A0A0L8FPA2,37653.A0A0L8FPZ6,37653.A0A0L8FQ87,37653.A0A0L8FQT0,37653.A0A0L8FS54,37653.A0A0L8FV15,37653.A0A0L8FVL2,37653.A0A0L8FWE5,37653.A0A0L8FWP5,37653.A0A0L8FYU5,37653.A0A0L8G175,37653.A0A0L8G1R3,37653.A0A0L8G1Z1,37653.A0A0L8G2A7,37653.A0A0L8G3F5,37653.A0A0L8G5A3,37653.A0A0L8G667,37653.A0A0L8G9D9,37653.A0A0L8GA32,37653.A0A0L8GAQ9,37653.A0A0L8GC37,37653.A0A0L8GCJ9,37653.A0A0L8GDT2,37653.A0A0L8GE16,37653.A0A0L8GFB0,37653.A0A0L8GFS8,37653.A0A0L8GKE1,37653.A0A0L8GKJ9,37653.A0A0L8GL19,37653.A0A0L8GMI1,37653.A0A0L8GMI2,37653.A0A0L8GPJ8,37653.A0A0L8GQE9,37653.A0A0L8GQN7,37653.A0A0L8GTA1,37653.A0A0L8GVL4,37653.A0A0L8GVZ4,37653.A0A0L8GWM6,37653.A0A0L8H3X2,37653.A0A0L8H5X8,37653.A0A0L8H8T6,37653.A0A0L8H948,37653.A0A0L8HC44,37653.A0A0L8HCK0,37653.A0A0L8HF67,37653.A0A0L8HG49,37653.A0A0L8HG52,37653.A0A0L8HG55,37653.A0A0L8HGM7,37653.A0A0L8HTP0,37653.A0A0L8HTW3,37653.A0A0L8I1R9,37653.A0A0L8I7R7,37653.A0A0L8IAB6	A0A0L8FF94,A0A0L8FGD1,A0A0L8FGJ1,A0A0L8FHE9,A0A0L8FLH8,A0A0L8FNX8,A0A0L8FPA2,A0A0L8FPZ6,A0A0L8FQ87,A0A0L8FQT0,A0A0L8FS54,A0A0L8FV15,A0A0L8FVL2,A0A0L8FWE5,A0A0L8FWP5,A0A0L8FYU5,A0A0L8G175,A0A0L8G1R3,A0A0L8G1Z1,A0A0L8G2A7,A0A0L8G3F5,A0A0L8G5A3,A0A0L8G667,A0A0L8G9D9,A0A0L8GA32,A0A0L8GAQ9,A0A0L8GC37,A0A0L8GCJ9,A0A0L8GDT2,A0A0L8GE16,A0A0L8GFB0,A0A0L8GFS8,LSM4,A0A0L8GKJ9,A0A0L8GL19,A0A0L8GMI1,A0A0L8GMI2,A0A0L8GPJ8,A0A0L8GQE9,A0A0L8GQN7,A0A0L8GTA1,A0A0L8GVL4,A0A0L8GVZ4,A0A0L8GWM6,A0A0L8H3X2,A0A0L8H5X8,A0A0L8H8T6,A0A0L8H948,A0A0L8HC44,A0A0L8HCK0,A0A0L8HF67,A0A0L8HG49,A0A0L8HG52,A0A0L8HG55,A0A0L8HGM7,A0A0L8HTP0,A0A0L8HTW3,A0A0L8I1R9,A0A0L8I7R7,A0A0L8IAB6
GO Component	GO:0043229	Intracellular organelle	64	9918	0.19	0.37	0.0044	37653.A0A0L8FF94,37653.A0A0L8FGD1,37653.A0A0L8FGJ1,37653.A0A0L8FHE9,37653.A0A0L8FLH8,37653.A0A0L8FNX8,37653.A0A0L8FPA2,37653.A0A0L8FPZ6,37653.A0A0L8FQ87,37653.A0A0L8FQT0,37653.A0A0L8FS54,37653.A0A0L8FV15,37653.A0A0L8FVL2,37653.A0A0L8FWE5,37653.A0A0L8FWP5,37653.A0A0L8FXF3,37653.A0A0L8FYU5,37653.A0A0L8G175,37653.A0A0L8G1R3,37653.A0A0L8G1Z1,37653.A0A0L8G2A7,37653.A0A0L8G3F5,37653.A0A0L8G5A3,37653.A0A0L8G667,37653.A0A0L8G9D9,37653.A0A0L8GA32,37653.A0A0L8GAQ9,37653.A0A0L8GC37,37653.A0A0L8GCJ9,37653.A0A0L8GDT2,37653.A0A0L8GE16,37653.A0A0L8GES0,37653.A0A0L8GFB0,37653.A0A0L8GFS8,37653.A0A0L8GKE1,37653.A0A0L8GKJ9,37653.A0A0L8GL19,37653.A0A0L8GMI1,37653.A0A0L8GMI2,37653.A0A0L8GPJ8,37653.A0A0L8GQE9,37653.A0A0L8GQN7,37653.A0A0L8GTA1,37653.A0A0L8GVL4,37653.A0A0L8GVZ4,37653.A0A0L8GW16,37653.A0A0L8GWM6,37653.A0A0L8H3X2,37653.A0A0L8H5X8,37653.A0A0L8H8T6,37653.A0A0L8H948,37653.A0A0L8HC44,37653.A0A0L8HCK0,37653.A0A0L8HF67,37653.A0A0L8HG49,37653.A0A0L8HG52,37653.A0A0L8HG55,37653.A0A0L8HGM7,37653.A0A0L8HJP2,37653.A0A0L8HTP0,37653.A0A0L8HTW3,37653.A0A0L8I1R9,37653.A0A0L8I7R7,37653.A0A0L8IAB6	A0A0L8FF94,A0A0L8FGD1,A0A0L8FGJ1,A0A0L8FHE9,A0A0L8FLH8,A0A0L8FNX8,A0A0L8FPA2,A0A0L8FPZ6,A0A0L8FQ87,A0A0L8FQT0,A0A0L8FS54,A0A0L8FV15,A0A0L8FVL2,A0A0L8FWE5,A0A0L8FWP5,A0A0L8FXF3,A0A0L8FYU5,A0A0L8G175,A0A0L8G1R3,A0A0L8G1Z1,A0A0L8G2A7,A0A0L8G3F5,A0A0L8G5A3,A0A0L8G667,A0A0L8G9D9,A0A0L8GA32,A0A0L8GAQ9,A0A0L8GC37,A0A0L8GCJ9,A0A0L8GDT2,A0A0L8GE16,A0A0L8GES0,A0A0L8GFB0,A0A0L8GFS8,LSM4,A0A0L8GKJ9,A0A0L8GL19,A0A0L8GMI1,A0A0L8GMI2,A0A0L8GPJ8,A0A0L8GQE9,A0A0L8GQN7,A0A0L8GTA1,A0A0L8GVL4,A0A0L8GVZ4,A0A0L8GW16,A0A0L8GWM6,A0A0L8H3X2,A0A0L8H5X8,A0A0L8H8T6,A0A0L8H948,A0A0L8HC44,A0A0L8HCK0,A0A0L8HF67,A0A0L8HG49,A0A0L8HG52,A0A0L8HG55,A0A0L8HGM7,A0A0L8HJP2,A0A0L8HTP0,A0A0L8HTW3,A0A0L8I1R9,A0A0L8I7R7,A0A0L8IAB6
GO Component	GO:0005634	Nucleus	43	5669	0.26	0.39	0.0046	37653.A0A0L8FF94,37653.A0A0L8FGJ1,37653.A0A0L8FHE9,37653.A0A0L8FLH8,37653.A0A0L8FPA2,37653.A0A0L8FQ87,37653.A0A0L8FS54,37653.A0A0L8FV15,37653.A0A0L8FVL2,37653.A0A0L8FWE5,37653.A0A0L8FWP5,37653.A0A0L8G175,37653.A0A0L8G1Z1,37653.A0A0L8G3F5,37653.A0A0L8G5A3,37653.A0A0L8G667,37653.A0A0L8G9D9,37653.A0A0L8GDT2,37653.A0A0L8GE16,37653.A0A0L8GFB0,37653.A0A0L8GFS8,37653.A0A0L8GKE1,37653.A0A0L8GKJ9,37653.A0A0L8GL19,37653.A0A0L8GMI1,37653.A0A0L8GMI2,37653.A0A0L8GPJ8,37653.A0A0L8GQE9,37653.A0A0L8GQN7,37653.A0A0L8GTA1,37653.A0A0L8GVL4,37653.A0A0L8GVZ4,37653.A0A0L8GWM6,37653.A0A0L8H3X2,37653.A0A0L8H5X8,37653.A0A0L8HC44,37653.A0A0L8HG49,37653.A0A0L8HG52,37653.A0A0L8HG55,37653.A0A0L8HGM7,37653.A0A0L8HTP0,37653.A0A0L8I1R9,37653.A0A0L8IAB6	A0A0L8FF94,A0A0L8FGJ1,A0A0L8FHE9,A0A0L8FLH8,A0A0L8FPA2,A0A0L8FQ87,A0A0L8FS54,A0A0L8FV15,A0A0L8FVL2,A0A0L8FWE5,A0A0L8FWP5,A0A0L8G175,A0A0L8G1Z1,A0A0L8G3F5,A0A0L8G5A3,A0A0L8G667,A0A0L8G9D9,A0A0L8GDT2,A0A0L8GE16,A0A0L8GFB0,A0A0L8GFS8,LSM4,A0A0L8GKJ9,A0A0L8GL19,A0A0L8GMI1,A0A0L8GMI2,A0A0L8GPJ8,A0A0L8GQE9,A0A0L8GQN7,A0A0L8GTA1,A0A0L8GVL4,A0A0L8GVZ4,A0A0L8GWM6,A0A0L8H3X2,A0A0L8H5X8,A0A0L8HC44,A0A0L8HG49,A0A0L8HG52,A0A0L8HG55,A0A0L8HGM7,A0A0L8HTP0,A0A0L8I1R9,A0A0L8IAB6
GO Component	GO:0140513	Nuclear protein-containing complex	13	860	0.56	0.45	0.0083	37653.A0A0L8FQ87,37653.A0A0L8FS54,37653.A0A0L8FVL2,37653.A0A0L8FWE5,37653.A0A0L8G5A3,37653.A0A0L8G667,37653.A0A0L8G9D9,37653.A0A0L8GE16,37653.A0A0L8GKE1,37653.A0A0L8GL19,37653.A0A0L8GMI1,37653.A0A0L8GQE9,37653.A0A0L8H5X8	A0A0L8FQ87,A0A0L8FS54,A0A0L8FVL2,A0A0L8FWE5,A0A0L8G5A3,A0A0L8G667,A0A0L8G9D9,A0A0L8GE16,LSM4,A0A0L8GL19,A0A0L8GMI1,A0A0L8GQE9,A0A0L8H5X8
GO Component	GO:0005846	Nuclear cap binding complex	2	2	2.38	0.56	0.0107	37653.A0A0L8HGM7,37653.A0A0L8I1R9	A0A0L8HGM7,A0A0L8I1R9
GO Component	GO:0071204	Histone pre-mRNA 3end processing complex	2	2	2.38	0.56	0.0107	37653.A0A0L8FVL2,37653.A0A0L8G5A3	A0A0L8FVL2,A0A0L8G5A3
GO Component	GO:0030532	Small nuclear ribonucleoprotein complex	4	63	1.18	0.49	0.0154	37653.A0A0L8G5A3,37653.A0A0L8G667,37653.A0A0L8GKE1,37653.A0A0L8GL19	A0A0L8G5A3,A0A0L8G667,LSM4,A0A0L8GL19
GO Component	GO:0097526	Spliceosomal tri-snRNP complex	3	34	1.33	0.4	0.0341	37653.A0A0L8G667,37653.A0A0L8GKE1,37653.A0A0L8GL19	A0A0L8G667,LSM4,A0A0L8GL19
GO Component	GO:0016010	Dystrophin-associated glycoprotein complex	2	7	1.84	0.4	0.0376	37653.A0A0L8GKZ6,37653.A0A0L8HG49	A0A0L8GKZ6,A0A0L8HG49
GO Component	GO:1990904	Ribonucleoprotein complex	9	553	0.59	0.34	0.0376	37653.A0A0L8FLH8,37653.A0A0L8FPA5,37653.A0A0L8FQ87,37653.A0A0L8FVL2,37653.A0A0L8G5A3,37653.A0A0L8G667,37653.A0A0L8GKE1,37653.A0A0L8GL19,37653.A0A0L8HC44	A0A0L8FLH8,A0A0L8FPA5,A0A0L8FQ87,A0A0L8FVL2,A0A0L8G5A3,A0A0L8G667,LSM4,A0A0L8GL19,A0A0L8HC44
GO Component	GO:0005687	U4 snRNP	2	8	1.78	0.39	0.0415	37653.A0A0L8G667,37653.A0A0L8GL19	A0A0L8G667,A0A0L8GL19
KEGG	obi03013	RNA transport	7	127	1.12	0.93	0.00018	37653.A0A0L8FQ87,37653.A0A0L8FS54,37653.A0A0L8GMI1,37653.A0A0L8GQE9,37653.A0A0L8HC44,37653.A0A0L8HGM7,37653.A0A0L8I1R9	A0A0L8FQ87,A0A0L8FS54,A0A0L8GMI1,A0A0L8GQE9,A0A0L8HC44,A0A0L8HGM7,A0A0L8I1R9
KEGG	obi00565	Ether lipid metabolism	3	20	1.56	0.6	0.0071	37653.A0A0L8FGD1,37653.A0A0L8GDH0,37653.A0A0L8IAV0	A0A0L8FGD1,A0A0L8GDH0,A0A0L8IAV0
KEGG	obi03015	mRNA surveillance pathway	4	62	1.19	0.57	0.0071	37653.A0A0L8FQ87,37653.A0A0L8HC44,37653.A0A0L8HGM7,37653.A0A0L8I1R9	A0A0L8FQ87,A0A0L8HC44,A0A0L8HGM7,A0A0L8I1R9
KEGG	obi00591	Linoleic acid metabolism	2	6	1.91	0.52	0.0143	37653.A0A0L8FGD1,37653.A0A0L8IAV0	A0A0L8FGD1,A0A0L8IAV0
KEGG	obi00592	alpha-Linolenic acid metabolism	2	8	1.78	0.49	0.0183	37653.A0A0L8FGD1,37653.A0A0L8IAV0	A0A0L8FGD1,A0A0L8IAV0
KEGG	obi01100	Metabolic pathways	12	975	0.47	0.37	0.0183	37653.A0A0L8FGD1,37653.A0A0L8FLE0,37653.A0A0L8FML9,37653.A0A0L8GAQ9,37653.A0A0L8GCJ9,37653.A0A0L8GDH0,37653.A0A0L8GDI6,37653.A0A0L8GES0,37653.A0A0L8GSV5,37653.A0A0L8HG55,37653.A0A0L8HZY4,37653.A0A0L8IAV0	A0A0L8FGD1,A0A0L8FLE0,A0A0L8FML9,A0A0L8GAQ9,A0A0L8GCJ9,A0A0L8GDH0,A0A0L8GDI6,A0A0L8GES0,A0A0L8GSV5,A0A0L8HG55,A0A0L8HZY4,A0A0L8IAV0
KEGG	obi03040	Spliceosome	4	109	0.95	0.43	0.0222	37653.A0A0L8GKE1,37653.A0A0L8GL19,37653.A0A0L8HGM7,37653.A0A0L8I1R9	LSM4,A0A0L8GL19,A0A0L8HGM7,A0A0L8I1R9
Reactome	MAP-77588	SLBP Dependent Processing of Replication-Dependent Histone Pre-mRNAs	6	12	2.08	1.94	1.02e-07	37653.A0A0L8FVL2,37653.A0A0L8G5A3,37653.A0A0L8G667,37653.A0A0L8GL19,37653.A0A0L8HGM7,37653.A0A0L8I1R9	A0A0L8FVL2,A0A0L8G5A3,A0A0L8G667,A0A0L8GL19,A0A0L8HGM7,A0A0L8I1R9
Reactome	MAP-111367	SLBP independent Processing of Histone Pre-mRNAs	5	11	2.04	1.54	3.04e-06	37653.A0A0L8G5A3,37653.A0A0L8G667,37653.A0A0L8GL19,37653.A0A0L8HGM7,37653.A0A0L8I1R9	A0A0L8G5A3,A0A0L8G667,A0A0L8GL19,A0A0L8HGM7,A0A0L8I1R9
Reactome	MAP-75067	Processing of Capped Intronless Pre-mRNA	6	32	1.66	1.43	4.75e-06	37653.A0A0L8FVL2,37653.A0A0L8G5A3,37653.A0A0L8G667,37653.A0A0L8GL19,37653.A0A0L8HGM7,37653.A0A0L8I1R9	A0A0L8FVL2,A0A0L8G5A3,A0A0L8G667,A0A0L8GL19,A0A0L8HGM7,A0A0L8I1R9
Reactome	MAP-159230	Transport of the SLBP Dependant Mature mRNA	6	39	1.57	1.33	1.03e-05	37653.A0A0L8FS54,37653.A0A0L8FVL2,37653.A0A0L8GMI1,37653.A0A0L8GQE9,37653.A0A0L8HGM7,37653.A0A0L8I1R9	A0A0L8FS54,A0A0L8FVL2,A0A0L8GMI1,A0A0L8GQE9,A0A0L8HGM7,A0A0L8I1R9
Reactome	MAP-159234	Transport of Mature mRNAs Derived from Intronless Transcripts	6	49	1.47	1.2	2.82e-05	37653.A0A0L8FS54,37653.A0A0L8FVL2,37653.A0A0L8GMI1,37653.A0A0L8GQE9,37653.A0A0L8HGM7,37653.A0A0L8I1R9	A0A0L8FS54,A0A0L8FVL2,A0A0L8GMI1,A0A0L8GQE9,A0A0L8HGM7,A0A0L8I1R9
Reactome	MAP-73856	RNA Polymerase II Transcription Termination	6	70	1.32	0.98	0.00017	37653.A0A0L8FVL2,37653.A0A0L8G5A3,37653.A0A0L8G667,37653.A0A0L8GL19,37653.A0A0L8HGM7,37653.A0A0L8I1R9	A0A0L8FVL2,A0A0L8G5A3,A0A0L8G667,A0A0L8GL19,A0A0L8HGM7,A0A0L8I1R9
Reactome	MAP-159227	Transport of the SLBP independent Mature mRNA	5	40	1.48	0.98	0.00022	37653.A0A0L8FS54,37653.A0A0L8GMI1,37653.A0A0L8GQE9,37653.A0A0L8HGM7,37653.A0A0L8I1R9	A0A0L8FS54,A0A0L8GMI1,A0A0L8GQE9,A0A0L8HGM7,A0A0L8I1R9
Reactome	MAP-72202	Transport of Mature Transcript to Cytoplasm	6	81	1.25	0.92	0.00026	37653.A0A0L8FS54,37653.A0A0L8FVL2,37653.A0A0L8GMI1,37653.A0A0L8GQE9,37653.A0A0L8HGM7,37653.A0A0L8I1R9	A0A0L8FS54,A0A0L8FVL2,A0A0L8GMI1,A0A0L8GQE9,A0A0L8HGM7,A0A0L8I1R9
Reactome	MAP-72203	Processing of Capped Intron-Containing Pre-mRNA	10	329	0.87	0.81	0.00026	37653.A0A0L8FQ87,37653.A0A0L8FS54,37653.A0A0L8FVL2,37653.A0A0L8G667,37653.A0A0L8G9D9,37653.A0A0L8GL19,37653.A0A0L8GMI1,37653.A0A0L8GQE9,37653.A0A0L8HGM7,37653.A0A0L8I1R9	A0A0L8FQ87,A0A0L8FS54,A0A0L8FVL2,A0A0L8G667,A0A0L8G9D9,A0A0L8GL19,A0A0L8GMI1,A0A0L8GQE9,A0A0L8HGM7,A0A0L8I1R9
Reactome	MAP-8953854	Metabolism of RNA	15	819	0.65	0.71	0.00026	37653.A0A0L8FQ87,37653.A0A0L8FS54,37653.A0A0L8FVL2,37653.A0A0L8G5A3,37653.A0A0L8G667,37653.A0A0L8G9D9,37653.A0A0L8GFB0,37653.A0A0L8GKE1,37653.A0A0L8GL19,37653.A0A0L8GMI1,37653.A0A0L8GQE9,37653.A0A0L8HC44,37653.A0A0L8HG52,37653.A0A0L8HGM7,37653.A0A0L8I1R9	A0A0L8FQ87,A0A0L8FS54,A0A0L8FVL2,A0A0L8G5A3,A0A0L8G667,A0A0L8G9D9,A0A0L8GFB0,LSM4,A0A0L8GL19,A0A0L8GMI1,A0A0L8GQE9,A0A0L8HC44,A0A0L8HG52,A0A0L8HGM7,A0A0L8I1R9
Reactome	MAP-159231	Transport of Mature mRNA Derived from an Intronless Transcript	5	48	1.4	0.93	0.00032	37653.A0A0L8FS54,37653.A0A0L8GMI1,37653.A0A0L8GQE9,37653.A0A0L8HGM7,37653.A0A0L8I1R9	A0A0L8FS54,A0A0L8GMI1,A0A0L8GQE9,A0A0L8HGM7,A0A0L8I1R9
Reactome	MAP-72165	mRNA Splicing - Minor Pathway	5	56	1.33	0.85	0.00059	37653.A0A0L8G667,37653.A0A0L8G9D9,37653.A0A0L8GL19,37653.A0A0L8HGM7,37653.A0A0L8I1R9	A0A0L8G667,A0A0L8G9D9,A0A0L8GL19,A0A0L8HGM7,A0A0L8I1R9
Reactome	MAP-159236	Transport of Mature mRNA derived from an Intron-Containing Transcript	5	71	1.23	0.74	0.0015	37653.A0A0L8FS54,37653.A0A0L8GMI1,37653.A0A0L8GQE9,37653.A0A0L8HGM7,37653.A0A0L8I1R9	A0A0L8FS54,A0A0L8GMI1,A0A0L8GQE9,A0A0L8HGM7,A0A0L8I1R9
Reactome	MAP-392499	Metabolism of proteins	21	1773	0.46	0.52	0.0015	37653.A0A0L8FMS3,37653.A0A0L8FPA5,37653.A0A0L8FPN4,37653.A0A0L8FS54,37653.A0A0L8FV15,37653.A0A0L8FXU2,37653.A0A0L8FYU5,37653.A0A0L8G2A7,37653.A0A0L8G3F5,37653.A0A0L8G9L0,37653.A0A0L8GAQ9,37653.A0A0L8GBC1,37653.A0A0L8GE16,37653.A0A0L8GFB0,37653.A0A0L8GMI1,37653.A0A0L8GQE9,37653.A0A0L8H948,37653.A0A0L8HC44,37653.A0A0L8HG49,37653.A0A0L8HKG8,37653.A0A0L8HV00	A0A0L8FMS3,A0A0L8FPA5,A0A0L8FPN4,A0A0L8FS54,A0A0L8FV15,A0A0L8FXU2,A0A0L8FYU5,A0A0L8G2A7,A0A0L8G3F5,A0A0L8G9L0,A0A0L8GAQ9,A0A0L8GBC1,A0A0L8GE16,A0A0L8GFB0,A0A0L8GMI1,A0A0L8GQE9,A0A0L8H948,A0A0L8HC44,A0A0L8HG49,A0A0L8HKG8,A0A0L8HV00
Reactome	MAP-597592	Post-translational protein modification	17	1331	0.49	0.48	0.0037	37653.A0A0L8FMS3,37653.A0A0L8FPN4,37653.A0A0L8FS54,37653.A0A0L8FV15,37653.A0A0L8FYU5,37653.A0A0L8G2A7,37653.A0A0L8G3F5,37653.A0A0L8G9L0,37653.A0A0L8GAQ9,37653.A0A0L8GBC1,37653.A0A0L8GE16,37653.A0A0L8GMI1,37653.A0A0L8GQE9,37653.A0A0L8H948,37653.A0A0L8HG49,37653.A0A0L8HKG8,37653.A0A0L8HV00	A0A0L8FMS3,A0A0L8FPN4,A0A0L8FS54,A0A0L8FV15,A0A0L8FYU5,A0A0L8G2A7,A0A0L8G3F5,A0A0L8G9L0,A0A0L8GAQ9,A0A0L8GBC1,A0A0L8GE16,A0A0L8GMI1,A0A0L8GQE9,A0A0L8H948,A0A0L8HG49,A0A0L8HKG8,A0A0L8HV00
Reactome	MAP-4551638	SUMOylation of chromatin organization proteins	4	57	1.23	0.54	0.0098	37653.A0A0L8FS54,37653.A0A0L8FV15,37653.A0A0L8GMI1,37653.A0A0L8GQE9	A0A0L8FS54,A0A0L8FV15,A0A0L8GMI1,A0A0L8GQE9
Reactome	MAP-2980766	Nuclear Envelope Breakdown	4	61	1.2	0.52	0.0111	37653.A0A0L8FS54,37653.A0A0L8G1Z1,37653.A0A0L8GMI1,37653.A0A0L8GQE9	A0A0L8FS54,A0A0L8G1Z1,A0A0L8GMI1,A0A0L8GQE9
Reactome	MAP-75955	RNA Polymerase II Transcription Elongation	4	60	1.21	0.52	0.0111	37653.A0A0L8G9D9,37653.A0A0L8GE16,37653.A0A0L8HGM7,37653.A0A0L8I1R9	A0A0L8G9D9,A0A0L8GE16,A0A0L8HGM7,A0A0L8I1R9
Reactome	MAP-3108232	SUMO E3 ligases SUMOylate target proteins	5	119	1.01	0.5	0.0115	37653.A0A0L8FS54,37653.A0A0L8FV15,37653.A0A0L8G3F5,37653.A0A0L8GMI1,37653.A0A0L8GQE9	A0A0L8FS54,A0A0L8FV15,A0A0L8G3F5,A0A0L8GMI1,A0A0L8GQE9
Reactome	MAP-68875	Mitotic Prophase	5	120	1.0	0.5	0.0115	37653.A0A0L8FS54,37653.A0A0L8FV15,37653.A0A0L8G1Z1,37653.A0A0L8GMI1,37653.A0A0L8GQE9	A0A0L8FS54,A0A0L8FV15,A0A0L8G1Z1,A0A0L8GMI1,A0A0L8GQE9
Reactome	MAP-72163	mRNA Splicing - Major Pathway	6	211	0.84	0.44	0.0182	37653.A0A0L8FQ87,37653.A0A0L8G667,37653.A0A0L8G9D9,37653.A0A0L8GL19,37653.A0A0L8HGM7,37653.A0A0L8I1R9	A0A0L8FQ87,A0A0L8G667,A0A0L8G9D9,A0A0L8GL19,A0A0L8HGM7,A0A0L8I1R9
Reactome	MAP-3371453	Regulation of HSF1-mediated heat shock response	4	78	1.09	0.44	0.0223	37653.A0A0L8FS54,37653.A0A0L8GMI1,37653.A0A0L8GQE9,37653.A0A0L8I0E5	A0A0L8FS54,A0A0L8GMI1,A0A0L8GQE9,A0A0L8I0E5
Reactome	MAP-5578749	Transcriptional regulation by small RNAs	4	80	1.08	0.43	0.0234	37653.A0A0L8FS54,37653.A0A0L8G9D9,37653.A0A0L8GMI1,37653.A0A0L8GQE9	A0A0L8FS54,A0A0L8G9D9,A0A0L8GMI1,A0A0L8GQE9
Reactome	MAP-72086	mRNA Capping	3	33	1.34	0.45	0.0240	37653.A0A0L8G9D9,37653.A0A0L8HGM7,37653.A0A0L8I1R9	A0A0L8G9D9,A0A0L8HGM7,A0A0L8I1R9
Reactome	MAP-72172	mRNA Splicing	6	236	0.79	0.39	0.0272	37653.A0A0L8FQ87,37653.A0A0L8G667,37653.A0A0L8G9D9,37653.A0A0L8GL19,37653.A0A0L8HGM7,37653.A0A0L8I1R9	A0A0L8FQ87,A0A0L8G667,A0A0L8G9D9,A0A0L8GL19,A0A0L8HGM7,A0A0L8I1R9
Reactome	MAP-113418	Formation of the Early Elongation Complex	3	36	1.3	0.43	0.0280	37653.A0A0L8G9D9,37653.A0A0L8HGM7,37653.A0A0L8I1R9	A0A0L8G9D9,A0A0L8HGM7,A0A0L8I1R9
Reactome	MAP-674695	RNA Polymerase II Pre-transcription Events	4	87	1.04	0.41	0.0280	37653.A0A0L8G9D9,37653.A0A0L8GE16,37653.A0A0L8HGM7,37653.A0A0L8I1R9	A0A0L8G9D9,A0A0L8GE16,A0A0L8HGM7,A0A0L8I1R9
Reactome	MAP-5654738	Signaling by FGFR2	3	37	1.29	0.43	0.0281	37653.A0A0L8G9D9,37653.A0A0L8HGM7,37653.A0A0L8I1R9	A0A0L8G9D9,A0A0L8HGM7,A0A0L8I1R9
Reactome	MAP-3301854	Nuclear Pore Complex (NPC) Disassembly	3	38	1.28	0.42	0.0292	37653.A0A0L8FS54,37653.A0A0L8GMI1,37653.A0A0L8GQE9	A0A0L8FS54,A0A0L8GMI1,A0A0L8GQE9
Reactome	MAP-2990846	SUMOylation	5	166	0.86	0.38	0.0320	37653.A0A0L8FS54,37653.A0A0L8FV15,37653.A0A0L8G3F5,37653.A0A0L8GMI1,37653.A0A0L8GQE9	A0A0L8FS54,A0A0L8FV15,A0A0L8G3F5,A0A0L8GMI1,A0A0L8GQE9
Reactome	MAP-5173105	O-linked glycosylation	4	99	0.99	0.38	0.0375	37653.A0A0L8FMS3,37653.A0A0L8FPN4,37653.A0A0L8G9L0,37653.A0A0L8HG49	A0A0L8FMS3,A0A0L8FPN4,A0A0L8G9L0,A0A0L8HG49
Reactome	MAP-3371556	Cellular response to heat stress	4	100	0.98	0.38	0.0376	37653.A0A0L8FS54,37653.A0A0L8GMI1,37653.A0A0L8GQE9,37653.A0A0L8I0E5	A0A0L8FS54,A0A0L8GMI1,A0A0L8GQE9,A0A0L8I0E5
Reactome	MAP-4615885	SUMOylation of DNA replication proteins	3	45	1.21	0.38	0.0408	37653.A0A0L8FS54,37653.A0A0L8GMI1,37653.A0A0L8GQE9	A0A0L8FS54,A0A0L8GMI1,A0A0L8GQE9
Reactome	MAP-190236	Signaling by FGFR	3	48	1.18	0.36	0.0473	37653.A0A0L8G9D9,37653.A0A0L8HGM7,37653.A0A0L8I1R9	A0A0L8G9D9,A0A0L8HGM7,A0A0L8I1R9
Reactome	MAP-211000	Gene Silencing by RNA	4	110	0.94	0.35	0.0483	37653.A0A0L8FS54,37653.A0A0L8G9D9,37653.A0A0L8GMI1,37653.A0A0L8GQE9	A0A0L8FS54,A0A0L8G9D9,A0A0L8GMI1,A0A0L8GQE9
COMPARTMENTS	GOCC:0110165	Cellular anatomical entity	95	15253	0.18	0.48	4.01e-05	37653.A0A0L8FF94,37653.A0A0L8FFX4,37653.A0A0L8FGD1,37653.A0A0L8FGJ1,37653.A0A0L8FHE9,37653.A0A0L8FKJ3,37653.A0A0L8FKJ5,37653.A0A0L8FLE0,37653.A0A0L8FLH8,37653.A0A0L8FML9,37653.A0A0L8FMS3,37653.A0A0L8FNX8,37653.A0A0L8FP27,37653.A0A0L8FPA2,37653.A0A0L8FPA5,37653.A0A0L8FPI9,37653.A0A0L8FPN4,37653.A0A0L8FPZ6,37653.A0A0L8FQ87,37653.A0A0L8FQJ9,37653.A0A0L8FQT0,37653.A0A0L8FRX5,37653.A0A0L8FS54,37653.A0A0L8FU82,37653.A0A0L8FV15,37653.A0A0L8FVL2,37653.A0A0L8FWE5,37653.A0A0L8FWP5,37653.A0A0L8FXF3,37653.A0A0L8FXU2,37653.A0A0L8FYE3,37653.A0A0L8FYU5,37653.A0A0L8G1R3,37653.A0A0L8G1Z1,37653.A0A0L8G2A7,37653.A0A0L8G3F5,37653.A0A0L8G4L3,37653.A0A0L8G5A3,37653.A0A0L8G667,37653.A0A0L8G9L0,37653.A0A0L8GA32,37653.A0A0L8GAQ9,37653.A0A0L8GBC1,37653.A0A0L8GC37,37653.A0A0L8GCJ9,37653.A0A0L8GDH0,37653.A0A0L8GDI1,37653.A0A0L8GDI6,37653.A0A0L8GDT2,37653.A0A0L8GE16,37653.A0A0L8GES0,37653.A0A0L8GFB0,37653.A0A0L8GFS8,37653.A0A0L8GJ68,37653.A0A0L8GKE1,37653.A0A0L8GKJ9,37653.A0A0L8GKZ6,37653.A0A0L8GL19,37653.A0A0L8GLX2,37653.A0A0L8GMI1,37653.A0A0L8GQE9,37653.A0A0L8GQN7,37653.A0A0L8GSV5,37653.A0A0L8GSZ8,37653.A0A0L8GTA1,37653.A0A0L8GUT7,37653.A0A0L8GVL4,37653.A0A0L8GVZ4,37653.A0A0L8GW16,37653.A0A0L8H0V4,37653.A0A0L8H3X2,37653.A0A0L8H478,37653.A0A0L8H5R3,37653.A0A0L8H7J2,37653.A0A0L8H7U2,37653.A0A0L8H8T6,37653.A0A0L8H8X2,37653.A0A0L8H948,37653.A0A0L8HC44,37653.A0A0L8HE39,37653.A0A0L8HF67,37653.A0A0L8HG49,37653.A0A0L8HG55,37653.A0A0L8HGA7,37653.A0A0L8HJP2,37653.A0A0L8HM70,37653.A0A0L8HTW3,37653.A0A0L8I256,37653.A0A0L8I622,37653.A0A0L8I7R7,37653.A0A0L8I7X0,37653.A0A0L8IAB6,37653.A0A0L8IAV0,37653.A0A0L8IDK6,37653.A0A0L8II35	A0A0L8FF94,A0A0L8FFX4,A0A0L8FGD1,A0A0L8FGJ1,A0A0L8FHE9,A0A0L8FKJ3,A0A0L8FKJ5,A0A0L8FLE0,A0A0L8FLH8,A0A0L8FML9,A0A0L8FMS3,A0A0L8FNX8,A0A0L8FP27,A0A0L8FPA2,A0A0L8FPA5,A0A0L8FPI9,A0A0L8FPN4,A0A0L8FPZ6,A0A0L8FQ87,A0A0L8FQJ9,A0A0L8FQT0,A0A0L8FRX5,A0A0L8FS54,A0A0L8FU82,A0A0L8FV15,A0A0L8FVL2,A0A0L8FWE5,A0A0L8FWP5,A0A0L8FXF3,A0A0L8FXU2,A0A0L8FYE3,A0A0L8FYU5,A0A0L8G1R3,A0A0L8G1Z1,A0A0L8G2A7,A0A0L8G3F5,A0A0L8G4L3,A0A0L8G5A3,A0A0L8G667,A0A0L8G9L0,A0A0L8GA32,A0A0L8GAQ9,A0A0L8GBC1,A0A0L8GC37,A0A0L8GCJ9,A0A0L8GDH0,A0A0L8GDI1,A0A0L8GDI6,A0A0L8GDT2,A0A0L8GE16,A0A0L8GES0,A0A0L8GFB0,A0A0L8GFS8,A0A0L8GJ68,LSM4,A0A0L8GKJ9,A0A0L8GKZ6,A0A0L8GL19,A0A0L8GLX2,A0A0L8GMI1,A0A0L8GQE9,A0A0L8GQN7,A0A0L8GSV5,A0A0L8GSZ8,A0A0L8GTA1,A0A0L8GUT7,A0A0L8GVL4,A0A0L8GVZ4,A0A0L8GW16,A0A0L8H0V4,A0A0L8H3X2,A0A0L8H478,A0A0L8H5R3,A0A0L8H7J2,A0A0L8H7U2,A0A0L8H8T6,A0A0L8H8X2,A0A0L8H948,A0A0L8HC44,A0A0L8HE39,A0A0L8HF67,A0A0L8HG49,A0A0L8HG55,A0A0L8HGA7,A0A0L8HJP2,A0A0L8HM70,A0A0L8HTW3,A0A0L8I256,A0A0L8I622,A0A0L8I7R7,A0A0L8I7X0,A0A0L8IAB6,A0A0L8IAV0,A0A0L8IDK6,A0A0L8II35
COMPARTMENTS	GOCC:0005622	Intracellular	71	10378	0.22	0.46	0.00034	37653.A0A0L8FF94,37653.A0A0L8FGD1,37653.A0A0L8FHE9,37653.A0A0L8FKJ3,37653.A0A0L8FLE0,37653.A0A0L8FLH8,37653.A0A0L8FPA2,37653.A0A0L8FPA5,37653.A0A0L8FPI9,37653.A0A0L8FPZ6,37653.A0A0L8FQ87,37653.A0A0L8FQJ9,37653.A0A0L8FQT0,37653.A0A0L8FS54,37653.A0A0L8FV15,37653.A0A0L8FVL2,37653.A0A0L8FWE5,37653.A0A0L8FWP5,37653.A0A0L8FYU5,37653.A0A0L8G175,37653.A0A0L8G1R3,37653.A0A0L8G1Z1,37653.A0A0L8G2A7,37653.A0A0L8G3F5,37653.A0A0L8G4L3,37653.A0A0L8G5A3,37653.A0A0L8G667,37653.A0A0L8G9D9,37653.A0A0L8GA32,37653.A0A0L8GAQ9,37653.A0A0L8GC37,37653.A0A0L8GCJ9,37653.A0A0L8GDI1,37653.A0A0L8GDI6,37653.A0A0L8GE16,37653.A0A0L8GFB0,37653.A0A0L8GFS8,37653.A0A0L8GKE1,37653.A0A0L8GKJ9,37653.A0A0L8GL19,37653.A0A0L8GMI1,37653.A0A0L8GMI2,37653.A0A0L8GPJ8,37653.A0A0L8GQE9,37653.A0A0L8GSV5,37653.A0A0L8GTA1,37653.A0A0L8GUT7,37653.A0A0L8GVL4,37653.A0A0L8GVZ4,37653.A0A0L8GW16,37653.A0A0L8GWM6,37653.A0A0L8H3X2,37653.A0A0L8H5X8,37653.A0A0L8H7J2,37653.A0A0L8H948,37653.A0A0L8HC44,37653.A0A0L8HF67,37653.A0A0L8HG52,37653.A0A0L8HG55,37653.A0A0L8HGM7,37653.A0A0L8HIY2,37653.A0A0L8HJP2,37653.A0A0L8HKG8,37653.A0A0L8HTP0,37653.A0A0L8HV00,37653.A0A0L8I1R9,37653.A0A0L8I256,37653.A0A0L8I7R7,37653.A0A0L8IAB6,37653.A0A0L8IDK6,37653.A0A0L8II35	A0A0L8FF94,A0A0L8FGD1,A0A0L8FHE9,A0A0L8FKJ3,A0A0L8FLE0,A0A0L8FLH8,A0A0L8FPA2,A0A0L8FPA5,A0A0L8FPI9,A0A0L8FPZ6,A0A0L8FQ87,A0A0L8FQJ9,A0A0L8FQT0,A0A0L8FS54,A0A0L8FV15,A0A0L8FVL2,A0A0L8FWE5,A0A0L8FWP5,A0A0L8FYU5,A0A0L8G175,A0A0L8G1R3,A0A0L8G1Z1,A0A0L8G2A7,A0A0L8G3F5,A0A0L8G4L3,A0A0L8G5A3,A0A0L8G667,A0A0L8G9D9,A0A0L8GA32,A0A0L8GAQ9,A0A0L8GC37,A0A0L8GCJ9,A0A0L8GDI1,A0A0L8GDI6,A0A0L8GE16,A0A0L8GFB0,A0A0L8GFS8,LSM4,A0A0L8GKJ9,A0A0L8GL19,A0A0L8GMI1,A0A0L8GMI2,A0A0L8GPJ8,A0A0L8GQE9,A0A0L8GSV5,A0A0L8GTA1,A0A0L8GUT7,A0A0L8GVL4,A0A0L8GVZ4,A0A0L8GW16,A0A0L8GWM6,A0A0L8H3X2,A0A0L8H5X8,A0A0L8H7J2,A0A0L8H948,A0A0L8HC44,A0A0L8HF67,A0A0L8HG52,A0A0L8HG55,A0A0L8HGM7,A0A0L8HIY2,A0A0L8HJP2,A0A0L8HKG8,A0A0L8HTP0,A0A0L8HV00,A0A0L8I1R9,A0A0L8I256,A0A0L8I7R7,A0A0L8IAB6,A0A0L8IDK6,A0A0L8II35
UniProt Keywords	KW-0508	mRNA splicing	3	19	1.58	0.52	0.0133	37653.A0A0L8GKE1,37653.A0A0L8GL19,37653.A0A0L8HGM7	LSM4,A0A0L8GL19,A0A0L8HGM7
UniProt Keywords	KW-0539	Nucleus	11	602	0.64	0.43	0.0133	37653.A0A0L8FV15,37653.A0A0L8FWE5,37653.A0A0L8GFS8,37653.A0A0L8GKE1,37653.A0A0L8GL19,37653.A0A0L8GPJ8,37653.A0A0L8GVL4,37653.A0A0L8HG52,37653.A0A0L8HG55,37653.A0A0L8HGM7,37653.A0A0L8I0E5	A0A0L8FV15,A0A0L8FWE5,A0A0L8GFS8,LSM4,A0A0L8GL19,A0A0L8GPJ8,A0A0L8GVL4,A0A0L8HG52,A0A0L8HG55,A0A0L8HGM7,A0A0L8I0E5
UniProt Keywords	KW-0175	Coiled coil	23	2531	0.34	0.34	0.0206	37653.A0A0L8FKJ3,37653.A0A0L8FML9,37653.A0A0L8FPA5,37653.A0A0L8FQ87,37653.A0A0L8FQT0,37653.A0A0L8FVL2,37653.A0A0L8FXU2,37653.A0A0L8FYE3,37653.A0A0L8FYU5,37653.A0A0L8G3F5,37653.A0A0L8G4L3,37653.A0A0L8GE16,37653.A0A0L8GEU1,37653.A0A0L8GKJ9,37653.A0A0L8GMI1,37653.A0A0L8HG52,37653.A0A0L8HTW3,37653.A0A0L8I1R9,37653.A0A0L8I256,37653.A0A0L8I622,37653.A0A0L8IAB6,37653.A0A0L8IE79,37653.A0A0L8IIN7	A0A0L8FKJ3,A0A0L8FML9,A0A0L8FPA5,A0A0L8FQ87,A0A0L8FQT0,A0A0L8FVL2,A0A0L8FXU2,A0A0L8FYE3,A0A0L8FYU5,A0A0L8G3F5,A0A0L8G4L3,A0A0L8GE16,A0A0L8GEU1,A0A0L8GKJ9,A0A0L8GMI1,A0A0L8HG52,A0A0L8HTW3,A0A0L8I1R9,A0A0L8I256,A0A0L8I622,A0A0L8IAB6,A0A0L8IE79,A0A0L8IIN7
UniProt Keywords	KW-0732	Signal	19	1901	0.38	0.35	0.0206	37653.A0A0L8FGD1,37653.A0A0L8FNY1,37653.A0A0L8FP55,37653.A0A0L8FPZ6,37653.A0A0L8FQJ9,37653.A0A0L8FU82,37653.A0A0L8G9L0,37653.A0A0L8GES0,37653.A0A0L8GLX2,37653.A0A0L8H478,37653.A0A0L8H5R3,37653.A0A0L8H7U2,37653.A0A0L8H8X2,37653.A0A0L8HE39,37653.A0A0L8HG49,37653.A0A0L8HM70,37653.A0A0L8HTV0,37653.A0A0L8I7R7,37653.A0A0L8IAV0	A0A0L8FGD1,A0A0L8FNY1,A0A0L8FP55,A0A0L8FPZ6,A0A0L8FQJ9,A0A0L8FU82,A0A0L8G9L0,A0A0L8GES0,A0A0L8GLX2,A0A0L8H478,A0A0L8H5R3,A0A0L8H7U2,A0A0L8H8X2,A0A0L8HE39,A0A0L8HG49,A0A0L8HM70,A0A0L8HTV0,A0A0L8I7R7,A0A0L8IAV0
UniProt Keywords	KW-0802	TPR repeat	4	75	1.11	0.45	0.0206	37653.A0A0L8GE16,37653.A0A0L8GPJ8,37653.A0A0L8HIY2,37653.A0A0L8IE79	A0A0L8GE16,A0A0L8GPJ8,A0A0L8HIY2,A0A0L8IE79
UniProt Keywords	KW-0747	Spliceosome	2	11	1.64	0.37	0.0478	37653.A0A0L8GKE1,37653.A0A0L8GL19	LSM4,A0A0L8GL19
